pos,nuc,RefAlt,motif.seq,motif.length,motif.start,motif.end,repeat.seq,repeat.start,repeat.end,repeat.hamming.distance,EffectiveLength
8251,G,Ref,AATAGGGCCCGTATTT,16,8245,8260,AATAGGAGCTGTATTT,7049,7064,3,13
8251,G,Ref,GGGCCCGTATTTACC,15,8249,8263,GACCCCTTATTTACC,12192,12206,3,12
8251,G,Ref,TAGGGCCCGTATTTA,15,8247,8261,TAGGCCTCCTATTTA,3605,3619,3,12
8251,G,Ref,TGAAATAGGGCCC,13,8242,8254,TTAAATAGGGACC,2613,2625,2,11
8251,G,Ref,GAAATAGGGCC,11,8243,8253,GAAATAAGGCC,3139,3149,1,10
8251,G,Ref,ATAGGGCCCGTA,12,8246,8257,ATCGGGCCCATA,4424,4435,2,10
8251,G,Ref,AAATAGGGCCCG,12,8244,8255,AAATAGGGACCT,2615,2626,2,10
8251,G,Ref,GAAATAGGGCCC,12,8243,8254,GAAATAAGGCCT,3139,3150,2,10
8251,G,Ref,TGAAATAGGGCC,12,8242,8253,AGAAATAAGGCC,3138,3149,2,10
8251,G,Ref,AATAGGGCCC,10,8245,8254,AACAGGGCCC,1458,1467,1,9
8251,G,Ref,AGGGCCCGTAT,11,8248,8258,AGAACCCGTAT,7421,7431,2,9
8251,G,Ref,AATAGGGCCCG,11,8245,8255,AACAGGGCCCT,1458,1468,2,9
8251,G,Ref,AAATAGGGCCC,11,8244,8254,GAACAGGGCCC,1457,1467,2,9
8251,G,Ref,TTGAAATAGGG,11,8241,8251,CTTAAATAGGG,2612,2622,2,9
8251,G,Ref,GGGCCCGTA,9,8249,8257,GGGCCCATA,16455,16463,1,8
8251,G,Ref,GCCCGTATTT,10,8251,8260,CCCCTTATTT,4319,4328,2,8
8251,G,Ref,GGCCCGTATT,10,8250,8259,GGCCTATATT,15047,15056,2,8
8251,G,Ref,GGGCCCGTAT,10,8249,8258,GGACCTGTAT,2621,2630,2,8
8251,G,Ref,GGGCCCGTAT,10,8249,8258,GGGCCCATAC,4427,4436,2,8
8251,G,Ref,GGGCCCGTAT,10,8249,8258,GGGCCATTAT,5260,5269,2,8
8251,G,Ref,GGGCCCGTAT,10,8249,8258,GGGCCCATAA,16455,16464,2,8
8251,G,Ref,AGGGCCCGTA,10,8248,8257,AGGGCCCTGA,1461,1470,2,8
8251,G,Ref,AGGGCCCGTA,10,8248,8257,AGAGCCCCTA,3480,3489,2,8
8251,G,Ref,AGGGCCCGTA,10,8248,8257,CGGGCCCATA,16454,16463,2,8
8251,G,Ref,TAGGGCCCGT,10,8247,8256,TAGGGGCCAT,6379,6388,2,8
8251,G,Ref,AATAGGGCCC,10,8245,8254,TATCGGGCCC,4423,4432,2,8
8251,G,Ref,AATAGGGCCC,10,8245,8254,AATAGCCCCC,4790,4799,2,8
8251,G,Ref,AATAGGGCCC,10,8245,8254,AACAGGGGCC,9260,9269,2,8
8251,G,Ref,AATAGGGCCC,10,8245,8254,AATGGGGCTC,12003,12012,2,8
8251,G,Ref,AATAGGGCCC,10,8245,8254,AATAGGATCC,14254,14263,2,8
8251,G,Ref,AAATAGGGCC,10,8244,8253,AAATAGTACC,10004,10013,2,8
8251,G,Ref,AAATAGGGCC,10,8244,8253,ACATATGGCC,10719,10728,2,8
8251,G,Ref,GAAATAGGGC,10,8243,8252,GAAATATGTC,4264,4273,2,8
8251,G,Ref,GAAATAGGGC,10,8243,8252,GAAAAAAGGC,5746,5755,2,8
8251,G,Ref,TGAAATAGGG,10,8242,8251,TCAGATAGGG,16381,16390,2,8
8251,G,Ref,AATAGGG,7,8245,8251,AATAGGG,2971,2977,0,7
8251,G,Ref,GCCCGTAT,8,8251,8258,GCCCTTAT,1393,1400,1,7
8251,G,Ref,GCCCGTAT,8,8251,8258,GCCCGAAT,15553,15560,1,7
8251,G,Ref,GGCCCGTA,8,8250,8257,GGCCCCTA,3427,3434,1,7
8251,G,Ref,GGGCCCGT,8,8249,8256,GGGCCTGT,15882,15889,1,7
8251,G,Ref,AGGGCCCG,8,8248,8255,AGAGCCCG,3241,3248,1,7
8251,G,Ref,TAGGGCCC,8,8247,8254,TAGGCCCC,3425,3432,1,7
8251,G,Ref,TAGGGCCC,8,8247,8254,TAGAGCCC,8288,8295,1,7
8251,G,Ref,TAGGGCCC,8,8247,8254,TATGGCCC,8388,8395,1,7
8251,G,Ref,TAGGGCCC,8,8247,8254,TAGGCCCC,12298,12305,1,7
8251,G,Ref,AATAGGGC,8,8245,8252,AATAGGGT,2971,2978,1,7
8251,G,Ref,AAATAGGG,8,8244,8251,AAATAGGT,647,654,1,7
8251,G,Ref,AAATAGGG,8,8244,8251,AAATAGTG,1961,1968,1,7
8251,G,Ref,AAATAGGG,8,8244,8251,CAATAGGG,2970,2977,1,7
8251,G,Ref,AAATAGGG,8,8244,8251,AAATAGGA,13409,13416,1,7
8251,G,Ref,AAATAGGG,8,8244,8251,AAATAGGA,14595,14602,1,7
8251,G,Ref,GCCCGT,6,8251,8256,GCCCGT,1485,1490,0,6
8251,G,Ref,GCCCGT,6,8251,8256,GCCCGT,2686,2691,0,6
8251,G,Ref,GGGCCC,6,8249,8254,GGGCCC,9265,9270,0,6
8251,G,Ref,GCCCGTA,7,8251,8257,GCGCGTA,1472,1478,1,6
8251,G,Ref,GCCCGTA,7,8251,8257,GCCCGTC,1485,1491,1,6
8251,G,Ref,GCCCGTA,7,8251,8257,GCCCGTG,2686,2692,1,6
8251,G,Ref,GCCCGTA,7,8251,8257,CCCCGTA,3169,3175,1,6
8251,G,Ref,GCCCGTA,7,8251,8257,TCCCGTA,4460,4466,1,6
8251,G,Ref,GCCCGTA,7,8251,8257,GCCCTTA,5460,5466,1,6
8251,G,Ref,GCCCGTA,7,8251,8257,GCCCTTA,5650,5656,1,6
8251,G,Ref,GCCCGTA,7,8251,8257,GCCCATA,8485,8491,1,6
8251,G,Ref,GCCCGTA,7,8251,8257,GGCCGTA,8994,9000,1,6
8251,G,Ref,GCCCGTA,7,8251,8257,GCCCCTA,9525,9531,1,6
8251,G,Ref,GCCCGTA,7,8251,8257,GCCCTTA,13210,13216,1,6
8251,G,Ref,GCCCGTA,7,8251,8257,GCCCCTA,13980,13986,1,6
8251,G,Ref,GCCCGTA,7,8251,8257,GCCCATA,14226,14232,1,6
8251,G,Ref,GGCCCGT,7,8250,8256,CGCCCGT,1484,1490,1,6
8251,G,Ref,GGCCCGT,7,8250,8256,TGCCCGT,2685,2691,1,6
8251,G,Ref,GGCCCGT,7,8250,8256,GGCCCCT,3958,3964,1,6
8251,G,Ref,GGGCCCG,7,8249,8255,GGGCCAG,6026,6032,1,6
8251,G,Ref,GGGCCCG,7,8249,8255,GGGCCCT,9265,9271,1,6
8251,G,Ref,AGGGCCC,7,8248,8254,AAGGCCC,3410,3416,1,6
8251,G,Ref,AGGGCCC,7,8248,8254,AGGCCCC,3411,3417,1,6
8251,G,Ref,AGGGCCC,7,8248,8254,AGGCCCC,3957,3963,1,6
8251,G,Ref,AGGGCCC,7,8248,8254,GGGGCCC,9264,9270,1,6
8251,G,Ref,AGGGCCC,7,8248,8254,AGGGCAC,9545,9551,1,6
8251,G,Ref,AGGGCCC,7,8248,8254,AAGGCCC,13049,13055,1,6
8251,G,Ref,AGGGCCC,7,8248,8254,AGGCCCC,13050,13056,1,6
8251,G,Ref,AGGGCCC,7,8248,8254,AGGGGCC,15169,15175,1,6
8251,G,Ref,ATAGGGC,7,8246,8252,ATATGGC,6175,6181,1,6
8251,G,Ref,ATAGGGC,7,8246,8252,AGAGGGC,12768,12774,1,6
8251,G,Ref,ATAGGGC,7,8246,8252,ATCGGGC,15038,15044,1,6
8251,G,Ref,ATAGGGC,7,8246,8252,ATAGGGG,16385,16391,1,6
8251,G,Ref,AATAGGG,7,8245,8251,AACAGGG,3220,3226,1,6
8251,G,Ref,AATAGGG,7,8245,8251,AATAGGA,4304,4310,1,6
8251,G,Ref,GCCCG,5,8251,8255,GCCCG,7789,7793,0,5
8251,G,Ref,GCCCG,5,8251,8255,GCCCG,10197,10201,0,5
8251,G,Ref,GCCCG,5,8251,8255,GCCCG,12814,12818,0,5
8251,G,Ref,GGCCC,5,8250,8254,GGCCC,4481,4485,0,5
8251,G,Ref,GGCCC,5,8250,8254,GGCCC,9553,9557,0,5
8251,G,Ref,GGGCC,5,8249,8253,GGGCC,10688,10692,0,5
8251,G,Ref,TAGGG,5,8247,8251,TAGGG,2930,2934,0,5
8251,G,Ref,TAGGG,5,8247,8251,TAGGG,6751,6755,0,5
8251,G,Ref,GCCCGT,6,8251,8256,GCCCAT,499,504,1,5
8251,G,Ref,GCCCGT,6,8251,8256,CCCCGT,705,710,1,5
8251,G,Ref,GCCCGT,6,8251,8256,GCCTGT,1202,1207,1,5
8251,G,Ref,GCCCGT,6,8251,8256,GCCCAT,1339,1344,1,5
8251,G,Ref,GCCCGT,6,8251,8256,ACCCGT,1945,1950,1,5
8251,G,Ref,GCCCGT,6,8251,8256,GCCTGT,2492,2497,1,5
8251,G,Ref,GCCCGT,6,8251,8256,GCCCGG,3244,3249,1,5
8251,G,Ref,GCCCGT,6,8251,8256,ACCCGT,4487,4492,1,5
8251,G,Ref,GCCCGT,6,8251,8256,GACCGT,5913,5918,1,5
8251,G,Ref,GCCCGT,6,8251,8256,GCCCAT,6081,6086,1,5
8251,G,Ref,GCCCGT,6,8251,8256,GCCCCT,6446,6451,1,5
8251,G,Ref,GCCCGT,6,8251,8256,GCCCTT,7706,7711,1,5
8251,G,Ref,GCCCGT,6,8251,8256,GCCCGC,7789,7794,1,5
8251,G,Ref,GCCCGT,6,8251,8256,GCCCAT,8206,8211,1,5
8251,G,Ref,GCCCGT,6,8251,8256,GCCCAT,9247,9252,1,5
8251,G,Ref,GCCCGT,6,8251,8256,GCCCGC,10197,10202,1,5
8251,G,Ref,GCCCGT,6,8251,8256,GCCCCT,10472,10477,1,5
8251,G,Ref,GCCCGT,6,8251,8256,GCCCAT,11414,11419,1,5
8251,G,Ref,GCCCGT,6,8251,8256,GCCCGA,12814,12819,1,5
8251,G,Ref,GCCCGT,6,8251,8256,GCCCTT,12940,12945,1,5
8251,G,Ref,GCCCGT,6,8251,8256,TCCCGT,15144,15149,1,5
8251,G,Ref,GCCCGT,6,8251,8256,GCCCTT,15301,15306,1,5
8251,G,Ref,GGCCCG,6,8250,8255,GCCCCG,3526,3531,1,5
8251,G,Ref,GGCCCG,6,8250,8255,GGCCCA,4481,4486,1,5
8251,G,Ref,GGCCCG,6,8250,8255,GGCCTG,4848,4853,1,5
8251,G,Ref,GGCCCG,6,8250,8255,GGCCTG,5226,5231,1,5
8251,G,Ref,GGCCCG,6,8250,8255,GCCCCG,5763,5768,1,5
8251,G,Ref,GGCCCG,6,8250,8255,GGCCGG,6260,6265,1,5
8251,G,Ref,GGCCCG,6,8250,8255,GGCCTG,6957,6962,1,5
8251,G,Ref,GGCCCG,6,8250,8255,GCCCCG,7211,7216,1,5
8251,G,Ref,GGCCCG,6,8250,8255,TGCCCG,7788,7793,1,5
8251,G,Ref,GGCCCG,6,8250,8255,GGCCCA,8391,8396,1,5
8251,G,Ref,GGCCCG,6,8250,8255,GGCGCG,9379,9384,1,5
8251,G,Ref,GGCCCG,6,8250,8255,GGCCCC,9553,9558,1,5
8251,G,Ref,GGCCCG,6,8250,8255,CGCCCG,10196,10201,1,5
8251,G,Ref,GGCCCG,6,8250,8255,CGCCCG,12813,12818,1,5
8251,G,Ref,GGCCCG,6,8250,8255,AGCCCG,15552,15557,1,5
8251,G,Ref,GGGCCC,6,8249,8254,GGGCTC,625,630,1,5
8251,G,Ref,GGGCCC,6,8249,8254,TGGCCC,4480,4485,1,5
8251,G,Ref,GGGCCC,6,8249,8254,GTGCCC,6166,6171,1,5
8251,G,Ref,GGGCCC,6,8249,8254,GAGCCC,6922,6927,1,5
8251,G,Ref,GGGCCC,6,8249,8254,GGGCAC,8856,8861,1,5
8251,G,Ref,GGGCCC,6,8249,8254,TGGCCC,9552,9557,1,5
8251,G,Ref,GGGCCC,6,8249,8254,GAGCCC,10288,10293,1,5
8251,G,Ref,GGGCCC,6,8249,8254,GGGCCT,10688,10693,1,5
8251,G,Ref,GGGCCC,6,8249,8254,GCGCCC,13208,13213,1,5
8251,G,Ref,GGGCCC,6,8249,8254,GGGTCC,13366,13371,1,5
8251,G,Ref,GGGCCC,6,8249,8254,GAGCCC,13556,13561,1,5
8251,G,Ref,GGGCCC,6,8249,8254,GGGCCA,15171,15176,1,5
8251,G,Ref,GGGCCC,6,8249,8254,GGGTCC,16389,16394,1,5
8251,G,Ref,GGGCCC,6,8249,8254,GGTCCC,16390,16395,1,5
8251,G,Ref,AGGGCC,6,8248,8253,AGGACC,1168,1173,1,5
8251,G,Ref,AGGGCC,6,8248,8253,AGGGTC,1409,1414,1,5
8251,G,Ref,AGGGCC,6,8248,8253,AGAGCC,1885,1890,1,5
8251,G,Ref,AGGGCC,6,8248,8253,ACGGCC,2565,2570,1,5
8251,G,Ref,AGGGCC,6,8248,8253,AGGTCC,2775,2780,1,5
8251,G,Ref,AGGGCC,6,8248,8253,AGCGCC,3160,3165,1,5
8251,G,Ref,AGGGCC,6,8248,8253,ATGGCC,3313,3318,1,5
8251,G,Ref,AGGGCC,6,8248,8253,TGGGCC,5259,5264,1,5
8251,G,Ref,AGGGCC,6,8248,8253,AGAGCC,5537,5542,1,5
8251,G,Ref,AGGGCC,6,8248,8253,TGGGCC,6025,6030,1,5
8251,G,Ref,AGGGCC,6,8248,8253,ATGGCC,7495,7500,1,5
8251,G,Ref,AGGGCC,6,8248,8253,ATGGCC,8836,8841,1,5
8251,G,Ref,AGGGCC,6,8248,8253,AGCGCC,9052,9057,1,5
8251,G,Ref,AGGGCC,6,8248,8253,AAGGCC,9409,9414,1,5
8251,G,Ref,AGGGCC,6,8248,8253,AAGGCC,9436,9441,1,5
8251,G,Ref,AGGGCC,6,8248,8253,AGGGTC,9983,9988,1,5
8251,G,Ref,AGGGCC,6,8248,8253,TGGGCC,10687,10692,1,5
8251,G,Ref,AGGGCC,6,8248,8253,AGGGCG,12770,12775,1,5
8251,G,Ref,AGGGCC,6,8248,8253,AGCGCC,13594,13599,1,5
8251,G,Ref,AGGGCC,6,8248,8253,TGGGCC,15881,15886,1,5
8251,G,Ref,AGGGCC,6,8248,8253,AGGGTC,16515,16520,1,5
8251,G,Ref,TAGGGC,6,8247,8252,TAGGAC,226,231,1,5
8251,G,Ref,TAGGGC,6,8247,8252,TAGGTC,1325,1330,1,5
8251,G,Ref,TAGGGC,6,8247,8252,TAGGCC,2171,2176,1,5
8251,G,Ref,TAGGGC,6,8247,8252,TGGGGC,2813,2818,1,5
8251,G,Ref,TAGGGC,6,8247,8252,TAGGGA,2930,2935,1,5
8251,G,Ref,TAGGGC,6,8247,8252,TAGGAC,4330,4335,1,5
8251,G,Ref,TAGGGC,6,8247,8252,TAGGCC,4561,4566,1,5
8251,G,Ref,TAGGGC,6,8247,8252,TAGGGT,6751,6756,1,5
8251,G,Ref,TAGGGC,6,8247,8252,TAGGTC,7605,7610,1,5
8251,G,Ref,TAGGGC,6,8247,8252,TACGGC,7922,7927,1,5
8251,G,Ref,TAGGGC,6,8247,8252,TAGGCC,8570,8575,1,5
8251,G,Ref,TAGGGC,6,8247,8252,TAGGCC,9340,9345,1,5
8251,G,Ref,TAGGGC,6,8247,8252,GAGGGC,9544,9549,1,5
8251,G,Ref,TAGGGC,6,8247,8252,TACGGC,9783,9788,1,5
8251,G,Ref,TAGGGC,6,8247,8252,TAGGCC,12977,12982,1,5
8251,G,Ref,TAGGGC,6,8247,8252,TAGGTC,13016,13021,1,5
8251,G,Ref,TAGGGC,6,8247,8252,TAGGAC,13265,13270,1,5
8251,G,Ref,TAGGGC,6,8247,8252,TAGGAC,13823,13828,1,5
8251,G,Ref,TAGGGC,6,8247,8252,TAGGCC,13955,13960,1,5
8251,G,Ref,TAGGGC,6,8247,8252,TATGGC,14969,14974,1,5
8251,G,Ref,ATAGGG,6,8246,8251,ATAGAG,1546,1551,1,5
8251,G,Ref,ATAGGG,6,8246,8251,ATAGGC,1744,1749,1,5
8251,G,Ref,ATAGGG,6,8246,8251,ATAGGT,1978,1983,1,5
8251,G,Ref,ATAGGG,6,8246,8251,ATAAGG,2444,2449,1,5
8251,G,Ref,ATAGGG,6,8246,8251,CTAGGG,2929,2934,1,5
8251,G,Ref,ATAGGG,6,8246,8251,ATAGAG,4293,4298,1,5
8251,G,Ref,ATAGGG,6,8246,8251,ATAGGA,5028,5033,1,5
8251,G,Ref,ATAGGG,6,8246,8251,ATAGTG,6252,6257,1,5
8251,G,Ref,ATAGGG,6,8246,8251,TTAGGG,6378,6383,1,5
8251,G,Ref,ATAGGG,6,8246,8251,ATAGGT,6714,6719,1,5
8251,G,Ref,ATAGGG,6,8246,8251,CTAGGG,6750,6755,1,5
8251,G,Ref,ATAGGG,6,8246,8251,ATAGGA,7071,7076,1,5
8251,G,Ref,ATAGGG,6,8246,8251,ATATGG,7388,7393,1,5
8251,G,Ref,ATAGGG,6,8246,8251,ATAGGC,7562,7567,1,5
8251,G,Ref,ATAGGG,6,8246,8251,ATAGGC,8869,8874,1,5
8251,G,Ref,ATAGGG,6,8246,8251,ATACGG,9446,9451,1,5
8251,G,Ref,ATAGGG,6,8246,8251,ATAGGC,15131,15136,1,5
8251,G,Ref,ATAGGG,6,8246,8251,ATTGGG,15212,15217,1,5
8251,G,Ref,ATAGGG,6,8246,8251,ATGGGG,16031,16036,1,5
8251,G,Ref,GCCCG,5,8251,8255,GCACG,75,79,1,4
8251,G,Ref,GCCCG,5,8251,8255,GCCGG,103,107,1,4
8251,G,Ref,GCCCG,5,8251,8255,CCCCG,312,316,1,4
8251,G,Ref,GCCCG,5,8251,8255,CCCCG,495,499,1,4
8251,G,Ref,GCCCG,5,8251,8255,CCCCG,541,545,1,4
8251,G,Ref,GCCCG,5,8251,8255,GCACG,762,766,1,4
8251,G,Ref,GCCCG,5,8251,8255,GCCAG,889,893,1,4
8251,G,Ref,GCCCG,5,8251,8255,GCCGG,930,934,1,4
8251,G,Ref,GCCCG,5,8251,8255,GCCCT,1097,1101,1,4
8251,G,Ref,GCCCG,5,8251,8255,GCTCG,1130,1134,1,4
8251,G,Ref,GCCCG,5,8251,8255,GCCAG,1134,1138,1,4
8251,G,Ref,GCCCG,5,8251,8255,CCCCG,1223,1227,1,4
8251,G,Ref,GCCCG,5,8251,8255,GACCG,1660,1664,1,4
8251,G,Ref,GCCCG,5,8251,8255,GCCCC,1681,1685,1,4
8251,G,Ref,GCCCG,5,8251,8255,CCCCG,1902,1906,1,4
8251,G,Ref,GCCCG,5,8251,8255,GCCTG,2004,2008,1,4
8251,G,Ref,GCCCG,5,8251,8255,GCCCA,2056,2060,1,4
8251,G,Ref,GCCCG,5,8251,8255,GCCTG,2339,2343,1,4
8251,G,Ref,GCCCG,5,8251,8255,GCCCA,2377,2381,1,4
8251,G,Ref,GCCCG,5,8251,8255,CCCCG,2488,2492,1,4
8251,G,Ref,GCCCG,5,8251,8255,GCCTG,2542,2546,1,4
8251,G,Ref,GCCCG,5,8251,8255,GCCCA,2546,2550,1,4
8251,G,Ref,GCCCG,5,8251,8255,GGCCG,2567,2571,1,4
8251,G,Ref,GCCCG,5,8251,8255,TCCCG,3006,3010,1,4
8251,G,Ref,GCCCG,5,8251,8255,GACCG,3075,3079,1,4
8251,G,Ref,GCCCG,5,8251,8255,ACCCG,3492,3496,1,4
8251,G,Ref,GCCCG,5,8251,8255,GCCCT,3688,3692,1,4
8251,G,Ref,GCCCG,5,8251,8255,GCCCA,3715,3719,1,4
8251,G,Ref,GCCCG,5,8251,8255,GTCCG,3918,3922,1,4
8251,G,Ref,GCCCG,5,8251,8255,GCCCT,3967,3971,1,4
8251,G,Ref,GCCCG,5,8251,8255,CCCCG,4138,4142,1,4
8251,G,Ref,GCCCG,5,8251,8255,CCCCG,4436,4440,1,4
8251,G,Ref,GCCCG,5,8251,8255,GCTCG,4537,4541,1,4
8251,G,Ref,GCCCG,5,8251,8255,GCCCC,4878,4882,1,4
8251,G,Ref,GCCCG,5,8251,8255,GCCCC,5231,5235,1,4
8251,G,Ref,GCCCG,5,8251,8255,CCCCG,5233,5237,1,4
8251,G,Ref,GCCCG,5,8251,8255,GCCCA,5252,5256,1,4
8251,G,Ref,GCCCG,5,8251,8255,GCCCT,5549,5553,1,4
8251,G,Ref,GCCCG,5,8251,8255,TCCCG,5734,5738,1,4
8251,G,Ref,GCCCG,5,8251,8255,GCCGG,5741,5745,1,4
8251,G,Ref,GCCCG,5,8251,8255,GCCAG,6032,6036,1,4
8251,G,Ref,GCCCG,5,8251,8255,GCCCC,6168,6172,1,4
8251,G,Ref,GCCCG,5,8251,8255,CCCCG,6170,6174,1,4
8251,G,Ref,GCCCG,5,8251,8255,CCCCG,6186,6190,1,4
8251,G,Ref,GCCCG,5,8251,8255,GCTCG,6239,6243,1,4
8251,G,Ref,GCCCG,5,8251,8255,GACCG,6537,6541,1,4
8251,G,Ref,GCCCG,5,8251,8255,CCCCG,6566,6570,1,4
8251,G,Ref,GCCCG,5,8251,8255,GCCGG,6570,6574,1,4
8251,G,Ref,GCCCG,5,8251,8255,GCCCT,6924,6928,1,4
8251,G,Ref,GCCCG,5,8251,8255,GCCCA,7026,7030,1,4
8251,G,Ref,GCCCG,5,8251,8255,CCCCG,7232,7236,1,4
8251,G,Ref,GCCCG,5,8251,8255,GCCCC,7396,7400,1,4
8251,G,Ref,GCCCG,5,8251,8255,GCCCT,7664,7668,1,4
8251,G,Ref,GCCCG,5,8251,8255,GCCCT,7814,7818,1,4
8251,G,Ref,GCCCG,5,8251,8255,TCCCG,8016,8020,1,4
8251,G,Ref,GCCCG,5,8251,8255,GCCCC,8027,8031,1,4
8251,G,Ref,GCCCG,5,8251,8255,TCCCG,8110,8114,1,4
8251,G,Ref,GCCCG,5,8251,8255,GACCG,8148,8152,1,4
8251,G,Ref,GCCCG,5,8251,8255,GCCCA,8292,8296,1,4
8251,G,Ref,GCCCG,5,8251,8255,GCCCC,8368,8372,1,4
8251,G,Ref,GCCCG,5,8251,8255,GCCCC,8557,8561,1,4
8251,G,Ref,GCCCG,5,8251,8255,ACCCG,8577,8581,1,4
8251,G,Ref,GCCCG,5,8251,8255,GCCCT,8896,8900,1,4
8251,G,Ref,GCCCG,5,8251,8255,GCCCA,8902,8906,1,4
8251,G,Ref,GCCCG,5,8251,8255,GCCCT,8989,8993,1,4
8251,G,Ref,GCCCG,5,8251,8255,GCACG,9192,9196,1,4
8251,G,Ref,GCCCG,5,8251,8255,GCCCT,9276,9280,1,4
8251,G,Ref,GCCCG,5,8251,8255,CCCCG,9571,9575,1,4
8251,G,Ref,GCCCG,5,8251,8255,GCCTG,9921,9925,1,4
8251,G,Ref,GCCCG,5,8251,8255,CCCCG,10193,10197,1,4
8251,G,Ref,GCCCG,5,8251,8255,GCCCT,10266,10270,1,4
8251,G,Ref,GCCCG,5,8251,8255,GCCCT,10290,10294,1,4
8251,G,Ref,GCCCG,5,8251,8255,GCCCT,10353,10357,1,4
8251,G,Ref,GCCCG,5,8251,8255,GCCTG,10671,10675,1,4
8251,G,Ref,GCCCG,5,8251,8255,GCCCT,10695,10699,1,4
8251,G,Ref,GCCCG,5,8251,8255,ACCCG,11159,11163,1,4
8251,G,Ref,GCCCG,5,8251,8255,GCCAG,11176,11180,1,4
8251,G,Ref,GCCCG,5,8251,8255,GCCTG,11184,11188,1,4
8251,G,Ref,GCCCG,5,8251,8255,GCCCA,11306,11310,1,4
8251,G,Ref,GCCCG,5,8251,8255,GCCCC,11426,11430,1,4
8251,G,Ref,GCCCG,5,8251,8255,GCCCT,11642,11646,1,4
8251,G,Ref,GCCCG,5,8251,8255,GCCCA,11711,11715,1,4
8251,G,Ref,GCCCG,5,8251,8255,GCCCT,11969,11973,1,4
8251,G,Ref,GCCCG,5,8251,8255,CCCCG,12109,12113,1,4
8251,G,Ref,GCCCG,5,8251,8255,GCCCC,12236,12240,1,4
8251,G,Ref,GCCCG,5,8251,8255,GCCCA,13009,13013,1,4
8251,G,Ref,GCCCG,5,8251,8255,GCCCT,13069,13073,1,4
8251,G,Ref,GCCCG,5,8251,8255,GCCCA,13145,13149,1,4
8251,G,Ref,GCCCG,5,8251,8255,GCCTG,13552,13556,1,4
8251,G,Ref,GCCCG,5,8251,8255,GCCCT,13558,13562,1,4
8251,G,Ref,GCCCG,5,8251,8255,GCCTG,13703,13707,1,4
8251,G,Ref,GCCCG,5,8251,8255,GCCGG,13711,13715,1,4
8251,G,Ref,GCCCG,5,8251,8255,CCCCG,13755,13759,1,4
8251,G,Ref,GCCCG,5,8251,8255,GCCCT,13804,13808,1,4
8251,G,Ref,GCCCG,5,8251,8255,GCCCT,13837,13841,1,4
8251,G,Ref,GCCCG,5,8251,8255,CCCCG,14156,14160,1,4
8251,G,Ref,GCCCG,5,8251,8255,GCCCC,14243,14247,1,4
8251,G,Ref,GCCCG,5,8251,8255,CCCCG,14245,14249,1,4
8251,G,Ref,GCCCG,5,8251,8255,TCCCG,14264,14268,1,4
8251,G,Ref,GCCCG,5,8251,8255,ACCCG,14556,14560,1,4
8251,G,Ref,GCCCG,5,8251,8255,GCACG,14681,14685,1,4
8251,G,Ref,GCCCG,5,8251,8255,GCCTG,14861,14865,1,4
8251,G,Ref,GCCCG,5,8251,8255,GCCTG,14865,14869,1,4
8251,G,Ref,GCCCG,5,8251,8255,GCCCA,14945,14949,1,4
8251,G,Ref,GCCCG,5,8251,8255,GCCCT,15317,15321,1,4
8251,G,Ref,GCCCG,5,8251,8255,GCACG,15346,15350,1,4
8251,G,Ref,GCCCG,5,8251,8255,GCCCT,15431,15435,1,4
8251,G,Ref,GCCCG,5,8251,8255,GCCCT,15623,15627,1,4
8251,G,Ref,GCCCG,5,8251,8255,GCCCA,15699,15703,1,4
8251,G,Ref,GCCCG,5,8251,8255,GCCAG,16106,16110,1,4
8251,G,Ref,GCCCG,5,8251,8255,TCCCG,16424,16428,1,4
8251,G,Ref,GCCCG,5,8251,8255,GCCCA,16535,16539,1,4
8251,G,Ref,GGCCC,5,8250,8254,GGCCA,322,326,1,4
8251,G,Ref,GGCCC,5,8250,8254,CGCCC,498,502,1,4
8251,G,Ref,GGCCC,5,8250,8254,GGTCC,657,661,1,4
8251,G,Ref,GGCCC,5,8250,8254,GACCC,1062,1066,1,4
8251,G,Ref,GGCCC,5,8250,8254,AGCCC,1096,1100,1,4
8251,G,Ref,GGCCC,5,8250,8254,AGCCC,1338,1342,1,4
8251,G,Ref,GGCCC,5,8250,8254,AGCCC,1392,1396,1,4
8251,G,Ref,GGCCC,5,8250,8254,AGCCC,1680,1684,1,4
8251,G,Ref,GGCCC,5,8250,8254,GGCGC,1767,1771,1,4
8251,G,Ref,GGCCC,5,8250,8254,GACCC,1899,1903,1,4
8251,G,Ref,GGCCC,5,8250,8254,TGCCC,2055,2059,1,4
8251,G,Ref,GGCCC,5,8250,8254,GGCCT,2173,2177,1,4
8251,G,Ref,GGCCC,5,8250,8254,GGACC,2268,2272,1,4
8251,G,Ref,GGCCC,5,8250,8254,AGCCC,2376,2380,1,4
8251,G,Ref,GGCCC,5,8250,8254,GGCAC,2536,2540,1,4
8251,G,Ref,GGCCC,5,8250,8254,TGCCC,2545,2549,1,4
8251,G,Ref,GGCCC,5,8250,8254,GGCTC,2635,2639,1,4
8251,G,Ref,GGCCC,5,8250,8254,GACCC,2724,2728,1,4
8251,G,Ref,GGCCC,5,8250,8254,GGCCA,3315,3319,1,4
8251,G,Ref,GGCCC,5,8250,8254,CGCCC,3525,3529,1,4
8251,G,Ref,GGCCC,5,8250,8254,CGCCC,3687,3691,1,4
8251,G,Ref,GGCCC,5,8250,8254,GGCGC,3697,3701,1,4
8251,G,Ref,GGCCC,5,8250,8254,AGCCC,3714,3718,1,4
8251,G,Ref,GGCCC,5,8250,8254,GGCTC,3778,3782,1,4
8251,G,Ref,GGCCC,5,8250,8254,GACCC,3842,3846,1,4
8251,G,Ref,GGCCC,5,8250,8254,GGCCA,3849,3853,1,4
8251,G,Ref,GGCCC,5,8250,8254,CGCCC,3966,3970,1,4
8251,G,Ref,GGCCC,5,8250,8254,GACCC,4092,4096,1,4
8251,G,Ref,GGCCC,5,8250,8254,GGCAC,4515,4519,1,4
8251,G,Ref,GGCCC,5,8250,8254,GGCCT,4563,4567,1,4
8251,G,Ref,GGCCC,5,8250,8254,GTCCC,4812,4816,1,4
8251,G,Ref,GGCCC,5,8250,8254,GGCAC,4830,4834,1,4
8251,G,Ref,GGCCC,5,8250,8254,AGCCC,4877,4881,1,4
8251,G,Ref,GGCCC,5,8250,8254,GACCC,5147,5151,1,4
8251,G,Ref,GGCCC,5,8250,8254,TGCCC,5230,5234,1,4
8251,G,Ref,GGCCC,5,8250,8254,TGCCC,5251,5255,1,4
8251,G,Ref,GGCCC,5,8250,8254,CGCCC,5459,5463,1,4
8251,G,Ref,GGCCC,5,8250,8254,AGCCC,5548,5552,1,4
8251,G,Ref,GGCCC,5,8250,8254,AGCCC,5649,5653,1,4
8251,G,Ref,GGCCC,5,8250,8254,AGCCC,5762,5766,1,4
8251,G,Ref,GGCCC,5,8250,8254,GGCCT,5837,5841,1,4
8251,G,Ref,GGCCC,5,8250,8254,GGCGC,5970,5974,1,4
8251,G,Ref,GGCCC,5,8250,8254,GGCAC,5991,5995,1,4
8251,G,Ref,GGCCC,5,8250,8254,AGCCC,6080,6084,1,4
8251,G,Ref,GGCCC,5,8250,8254,CGCCC,6445,6449,1,4
8251,G,Ref,GGCCC,5,8250,8254,GACCC,6564,6568,1,4
8251,G,Ref,GGCCC,5,8250,8254,GACCC,6582,6586,1,4
8251,G,Ref,GGCCC,5,8250,8254,AGCCC,7025,7029,1,4
8251,G,Ref,GGCCC,5,8250,8254,GGCCT,7197,7201,1,4
8251,G,Ref,GGCCC,5,8250,8254,TGCCC,7210,7214,1,4
8251,G,Ref,GGCCC,5,8250,8254,GGCTC,7272,7276,1,4
8251,G,Ref,GGCCC,5,8250,8254,TGCCC,7395,7399,1,4
8251,G,Ref,GGCCC,5,8250,8254,GGCCT,7497,7501,1,4
8251,G,Ref,GGCCC,5,8250,8254,GGCAC,7588,7592,1,4
8251,G,Ref,GGCCC,5,8250,8254,CGCCC,7663,7667,1,4
8251,G,Ref,GGCCC,5,8250,8254,TGCCC,7705,7709,1,4
8251,G,Ref,GGCCC,5,8250,8254,CGCCC,7813,7817,1,4
8251,G,Ref,GGCCC,5,8250,8254,GGCCA,7886,7890,1,4
8251,G,Ref,GGCCC,5,8250,8254,AGCCC,8026,8030,1,4
8251,G,Ref,GGCCC,5,8250,8254,GTCCC,8078,8082,1,4
8251,G,Ref,GGCCC,5,8250,8254,TGCCC,8205,8209,1,4
8251,G,Ref,GGCCC,5,8250,8254,TGCCC,8367,8371,1,4
8251,G,Ref,GGCCC,5,8250,8254,AGCCC,8484,8488,1,4
8251,G,Ref,GGCCC,5,8250,8254,TGCCC,8556,8560,1,4
8251,G,Ref,GGCCC,5,8250,8254,GGCCT,8572,8576,1,4
8251,G,Ref,GGCCC,5,8250,8254,GGCCA,8838,8842,1,4
8251,G,Ref,GGCCC,5,8250,8254,TGCCC,8895,8899,1,4
8251,G,Ref,GGCCC,5,8250,8254,AGCCC,8901,8905,1,4
8251,G,Ref,GGCCC,5,8250,8254,GGCAC,8920,8924,1,4
8251,G,Ref,GGCCC,5,8250,8254,AGCCC,8988,8992,1,4
8251,G,Ref,GGCCC,5,8250,8254,GGCCA,9025,9029,1,4
8251,G,Ref,GGCCC,5,8250,8254,GACCC,9209,9213,1,4
8251,G,Ref,GGCCC,5,8250,8254,AGCCC,9246,9250,1,4
8251,G,Ref,GGCCC,5,8250,8254,GACCC,9253,9257,1,4
8251,G,Ref,GGCCC,5,8250,8254,AGCCC,9275,9279,1,4
8251,G,Ref,GGCCC,5,8250,8254,GGCCT,9294,9298,1,4
8251,G,Ref,GGCCC,5,8250,8254,GGCCT,9342,9346,1,4
8251,G,Ref,GGCCC,5,8250,8254,GGCCA,9411,9415,1,4
8251,G,Ref,GGCCC,5,8250,8254,GGCCT,9438,9442,1,4
8251,G,Ref,GGCCC,5,8250,8254,AGCCC,9524,9528,1,4
8251,G,Ref,GGCCC,5,8250,8254,GTCCC,9591,9595,1,4
8251,G,Ref,GGCCC,5,8250,8254,GGCTC,9786,9790,1,4
8251,G,Ref,GGCCC,5,8250,8254,GGCTC,9837,9841,1,4
8251,G,Ref,GGCCC,5,8250,8254,GACCC,10182,10186,1,4
8251,G,Ref,GGCCC,5,8250,8254,GTCCC,10203,10207,1,4
8251,G,Ref,GGCCC,5,8250,8254,TGCCC,10265,10269,1,4
8251,G,Ref,GGCCC,5,8250,8254,AGCCC,10352,10356,1,4
8251,G,Ref,GGCCC,5,8250,8254,GGCCT,10364,10368,1,4
8251,G,Ref,GGCCC,5,8250,8254,TGCCC,10471,10475,1,4
8251,G,Ref,GGCCC,5,8250,8254,AGCCC,10694,10698,1,4
8251,G,Ref,GGCCC,5,8250,8254,GGCCT,10725,10729,1,4
8251,G,Ref,GGCCC,5,8250,8254,GTCCC,10775,10779,1,4
8251,G,Ref,GGCCC,5,8250,8254,GACCC,10934,10938,1,4
8251,G,Ref,GGCCC,5,8250,8254,GGCAC,11195,11199,1,4
8251,G,Ref,GGCCC,5,8250,8254,GGCTC,11225,11229,1,4
8251,G,Ref,GGCCC,5,8250,8254,GGCTC,11273,11277,1,4
8251,G,Ref,GGCCC,5,8250,8254,TGCCC,11305,11309,1,4
8251,G,Ref,GGCCC,5,8250,8254,AGCCC,11413,11417,1,4
8251,G,Ref,GGCCC,5,8250,8254,AGCCC,11425,11429,1,4
8251,G,Ref,GGCCC,5,8250,8254,AGCCC,11641,11645,1,4
8251,G,Ref,GGCCC,5,8250,8254,GGCGC,11690,11694,1,4
8251,G,Ref,GGCCC,5,8250,8254,CGCCC,11710,11714,1,4
8251,G,Ref,GGCCC,5,8250,8254,AGCCC,11968,11972,1,4
8251,G,Ref,GGCCC,5,8250,8254,TGCCC,12235,12239,1,4
8251,G,Ref,GGCCC,5,8250,8254,GGTCC,12629,12633,1,4
8251,G,Ref,GGCCC,5,8250,8254,GACCC,12667,12671,1,4
8251,G,Ref,GGCCC,5,8250,8254,GACCC,12925,12929,1,4
8251,G,Ref,GGCCC,5,8250,8254,AGCCC,12939,12943,1,4
8251,G,Ref,GGCCC,5,8250,8254,GGCCT,12979,12983,1,4
8251,G,Ref,GGCCC,5,8250,8254,AGCCC,13008,13012,1,4
8251,G,Ref,GGCCC,5,8250,8254,AGCCC,13068,13072,1,4
8251,G,Ref,GGCCC,5,8250,8254,AGCCC,13144,13148,1,4
8251,G,Ref,GGCCC,5,8250,8254,GGCGC,13177,13181,1,4
8251,G,Ref,GGCCC,5,8250,8254,AGCCC,13803,13807,1,4
8251,G,Ref,GGCCC,5,8250,8254,AGCCC,13836,13840,1,4
8251,G,Ref,GGCCC,5,8250,8254,GGCCT,13957,13961,1,4
8251,G,Ref,GGCCC,5,8250,8254,TGCCC,13979,13983,1,4
8251,G,Ref,GGCCC,5,8250,8254,CGCCC,14225,14229,1,4
8251,G,Ref,GGCCC,5,8250,8254,AGCCC,14242,14246,1,4
8251,G,Ref,GGCCC,5,8250,8254,GACCC,14279,14283,1,4
8251,G,Ref,GGCCC,5,8250,8254,GACCC,14423,14427,1,4
8251,G,Ref,GGCCC,5,8250,8254,GACCC,14749,14753,1,4
8251,G,Ref,GGCCC,5,8250,8254,GGCTC,14846,14850,1,4
8251,G,Ref,GGCCC,5,8250,8254,GGCGC,14858,14862,1,4
8251,G,Ref,GGCCC,5,8250,8254,CGCCC,14944,14948,1,4
8251,G,Ref,GGCCC,5,8250,8254,GGCGC,15002,15006,1,4
8251,G,Ref,GGCCC,5,8250,8254,GGCCA,15152,15156,1,4
8251,G,Ref,GGCCC,5,8250,8254,GTCCC,15261,15265,1,4
8251,G,Ref,GGCCC,5,8250,8254,TGCCC,15300,15304,1,4
8251,G,Ref,GGCCC,5,8250,8254,AGCCC,15316,15320,1,4
8251,G,Ref,GGCCC,5,8250,8254,CGCCC,15430,15434,1,4
8251,G,Ref,GGCCC,5,8250,8254,GACCC,15500,15504,1,4
8251,G,Ref,GGCCC,5,8250,8254,GTCCC,15596,15600,1,4
8251,G,Ref,GGCCC,5,8250,8254,TGCCC,15622,15626,1,4
8251,G,Ref,GGCCC,5,8250,8254,CGCCC,15698,15702,1,4
8251,G,Ref,GGCCC,5,8250,8254,GTCCC,16361,16365,1,4
8251,G,Ref,GGCCC,5,8250,8254,GACCC,16373,16377,1,4
8251,G,Ref,GGCCC,5,8250,8254,AGCCC,16534,16538,1,4
8251,G,Ref,GGGCC,5,8249,8253,GAGCC,101,105,1,4
8251,G,Ref,GGGCC,5,8249,8253,TGGCC,321,325,1,4
8251,G,Ref,GGGCC,5,8249,8253,GTGCC,887,891,1,4
8251,G,Ref,GGGCC,5,8249,8253,GAGCC,1147,1151,1,4
8251,G,Ref,GGGCC,5,8249,8253,GAGCC,1200,1204,1,4
8251,G,Ref,GGGCC,5,8249,8253,GGGCT,1360,1364,1,4
8251,G,Ref,GGGCC,5,8249,8253,GAGCC,2002,2006,1,4
8251,G,Ref,GGGCC,5,8249,8253,GGGCA,2700,2704,1,4
8251,G,Ref,GGGCC,5,8249,8253,GGGCG,2815,2819,1,4
8251,G,Ref,GGGCC,5,8249,8253,GGGCT,3436,3440,1,4
8251,G,Ref,GGGCC,5,8249,8253,TGGCC,3848,3852,1,4
8251,G,Ref,GGGCC,5,8249,8253,GTGCC,4376,4380,1,4
8251,G,Ref,GGGCC,5,8249,8253,CGGCC,4847,4851,1,4
8251,G,Ref,GGGCC,5,8249,8253,AGGCC,5225,5229,1,4
8251,G,Ref,GGGCC,5,8249,8253,GGGAC,5667,5671,1,4
8251,G,Ref,GGGCC,5,8249,8253,AGGCC,5836,5840,1,4
8251,G,Ref,GGGCC,5,8249,8253,GAGCC,6016,6020,1,4
8251,G,Ref,GGGCC,5,8249,8253,AGGCC,6259,6263,1,4
8251,G,Ref,GGGCC,5,8249,8253,GAGCC,6322,6326,1,4
8251,G,Ref,GGGCC,5,8249,8253,TGGCC,6956,6960,1,4
8251,G,Ref,GGGCC,5,8249,8253,CGGCC,7196,7200,1,4
8251,G,Ref,GGGCC,5,8249,8253,TGGCC,7885,7889,1,4
8251,G,Ref,GGGCC,5,8249,8253,TGGCC,8993,8997,1,4
8251,G,Ref,GGGCC,5,8249,8253,AGGCC,9024,9028,1,4
8251,G,Ref,GGGCC,5,8249,8253,CGGCC,9293,9297,1,4
8251,G,Ref,GGGCC,5,8249,8253,GAGCC,9502,9506,1,4
8251,G,Ref,GGGCC,5,8249,8253,GGGTC,9713,9717,1,4
8251,G,Ref,GGGCC,5,8249,8253,TGGCC,10363,10367,1,4
8251,G,Ref,GGGCC,5,8249,8253,GTGCC,10644,10648,1,4
8251,G,Ref,GGGCC,5,8249,8253,GAGCC,11328,11332,1,4
8251,G,Ref,GGGCC,5,8249,8253,GGGTC,11438,11442,1,4
8251,G,Ref,GGGCC,5,8249,8253,GGGCT,11717,11721,1,4
8251,G,Ref,GGGCC,5,8249,8253,GTGCC,12501,12505,1,4
8251,G,Ref,GGGCC,5,8249,8253,GAGCC,12539,12543,1,4
8251,G,Ref,GGGCC,5,8249,8253,GAGCC,13968,13972,1,4
8251,G,Ref,GGGCC,5,8249,8253,GCGCC,14859,14863,1,4
8251,G,Ref,GGGCC,5,8249,8253,GCGCC,15003,15007,1,4
8251,G,Ref,GGGCC,5,8249,8253,GGGCG,15041,15045,1,4
8251,G,Ref,GGGCC,5,8249,8253,AGGCC,15046,15050,1,4
8251,G,Ref,GGGCC,5,8249,8253,AGGCC,15151,15155,1,4
8251,G,Ref,GGGCC,5,8249,8253,GGGAC,15215,15219,1,4
8251,G,Ref,AGGGC,5,8248,8252,AGGTC,7,11,1,4
8251,G,Ref,AGGGC,5,8248,8252,CGGGC,624,628,1,4
8251,G,Ref,AGGGC,5,8248,8252,AGGGT,871,875,1,4
8251,G,Ref,AGGGC,5,8248,8252,AAGGC,1286,1290,1,4
8251,G,Ref,AGGGC,5,8248,8252,AGCGC,1300,1304,1,4
8251,G,Ref,AGGGC,5,8248,8252,TGGGC,1359,1363,1,4
8251,G,Ref,AGGGC,5,8248,8252,AGTGC,1446,1450,1,4
8251,G,Ref,AGGGC,5,8248,8252,AGCGC,1471,1475,1,4
8251,G,Ref,AGGGC,5,8248,8252,AGGAC,1514,1518,1,4
8251,G,Ref,AGGGC,5,8248,8252,AGTGC,1585,1589,1,4
8251,G,Ref,AGGGC,5,8248,8252,AGGGA,1790,1794,1,4
8251,G,Ref,AGGGC,5,8248,8252,AGGAC,1829,1833,1,4
8251,G,Ref,AGGGC,5,8248,8252,AGAGC,1938,1942,1,4
8251,G,Ref,AGGGC,5,8248,8252,ATGGC,2633,2637,1,4
8251,G,Ref,AGGGC,5,8248,8252,AGGGT,2644,2648,1,4
8251,G,Ref,AGGGC,5,8248,8252,CGGGC,2699,2703,1,4
8251,G,Ref,AGGGC,5,8248,8252,AGCGC,2940,2944,1,4
8251,G,Ref,AGGGC,5,8248,8252,AGGAC,3000,3004,1,4
8251,G,Ref,AGGGC,5,8248,8252,AGGTC,3089,3093,1,4
8251,G,Ref,AGGGC,5,8248,8252,AGGAC,3130,3134,1,4
8251,G,Ref,AGGGC,5,8248,8252,AGGGT,3223,3227,1,4
8251,G,Ref,AGGGC,5,8248,8252,ATGGC,3236,3240,1,4
8251,G,Ref,AGGGC,5,8248,8252,ATGGC,3355,3359,1,4
8251,G,Ref,AGGGC,5,8248,8252,CGGGC,3435,3439,1,4
8251,G,Ref,AGGGC,5,8248,8252,AGGGT,3663,3667,1,4
8251,G,Ref,AGGGC,5,8248,8252,AGGGG,3912,3916,1,4
8251,G,Ref,AGGGC,5,8248,8252,AGGTC,4406,4410,1,4
8251,G,Ref,AGGGC,5,8248,8252,AGCGC,4529,4533,1,4
8251,G,Ref,AGGGC,5,8248,8252,AAGGC,4828,4832,1,4
8251,G,Ref,AGGGC,5,8248,8252,AGGAC,5589,5593,1,4
8251,G,Ref,AGGGC,5,8248,8252,AGGGA,6302,6306,1,4
8251,G,Ref,AGGGC,5,8248,8252,AGTGC,6914,6918,1,4
8251,G,Ref,AGGGC,5,8248,8252,ATGGC,7586,7590,1,4
8251,G,Ref,AGGGC,5,8248,8252,AGCGC,7597,7601,1,4
8251,G,Ref,AGGGC,5,8248,8252,AGAGC,7639,7643,1,4
8251,G,Ref,AGGGC,5,8248,8252,AGGTC,7851,7855,1,4
8251,G,Ref,AGGGC,5,8248,8252,AGGAC,8718,8722,1,4
8251,G,Ref,AGGGC,5,8248,8252,CGGGC,8855,8859,1,4
8251,G,Ref,AGGGC,5,8248,8252,AAGGC,8918,8922,1,4
8251,G,Ref,AGGGC,5,8248,8252,ATGGC,9377,9381,1,4
8251,G,Ref,AGGGC,5,8248,8252,ACGGC,9775,9779,1,4
8251,G,Ref,AGGGC,5,8248,8252,ACGGC,10141,10145,1,4
8251,G,Ref,AGGGC,5,8248,8252,AGTGC,10171,10175,1,4
8251,G,Ref,AGGGC,5,8248,8252,ATGGC,10991,10995,1,4
8251,G,Ref,AGGGC,5,8248,8252,CGGGC,11716,11720,1,4
8251,G,Ref,AGGGC,5,8248,8252,AGGAC,11797,11801,1,4
8251,G,Ref,AGGGC,5,8248,8252,AGGAC,11947,11951,1,4
8251,G,Ref,AGGGC,5,8248,8252,ATGGC,12254,12258,1,4
8251,G,Ref,AGGGC,5,8248,8252,AGGAC,13416,13420,1,4
8251,G,Ref,AGGGC,5,8248,8252,AGGTC,13632,13636,1,4
8251,G,Ref,AGGGC,5,8248,8252,AAGGC,14078,14082,1,4
8251,G,Ref,AGGGC,5,8248,8252,AAGGC,14604,14608,1,4
8251,G,Ref,AGGGC,5,8248,8252,AGGAC,14887,14891,1,4
8251,G,Ref,AGGGC,5,8248,8252,ATGGC,15000,15004,1,4
8251,G,Ref,AGGGC,5,8248,8252,AGGAC,15763,15767,1,4
8251,G,Ref,AGGGC,5,8248,8252,AGGAC,15948,15952,1,4
8251,G,Ref,AGGGC,5,8248,8252,AGTGC,16435,16439,1,4
8251,G,Ref,TAGGG,5,8247,8251,TGGGG,65,69,1,4
8251,G,Ref,TAGGG,5,8247,8251,CAGGG,870,874,1,4
8251,G,Ref,TAGGG,5,8247,8251,TAGAG,1195,1199,1,4
8251,G,Ref,TAGGG,5,8247,8251,TAAGG,1407,1411,1,4
8251,G,Ref,TAGGG,5,8247,8251,AAGGG,1408,1412,1,4
8251,G,Ref,TAGGG,5,8247,8251,TAGAG,1443,1447,1,4
8251,G,Ref,TAGGG,5,8247,8251,TAGGA,1639,1643,1,4
8251,G,Ref,TAGGG,5,8247,8251,AAGGG,1789,1793,1,4
8251,G,Ref,TAGGG,5,8247,8251,TAGAG,1983,1987,1,4
8251,G,Ref,TAGGG,5,8247,8251,TAGGA,2126,2130,1,4
8251,G,Ref,TAGGG,5,8247,8251,TAGAG,2141,2145,1,4
8251,G,Ref,TAGGG,5,8247,8251,TAGAG,2532,2536,1,4
8251,G,Ref,TAGGG,5,8247,8251,GAGGG,2643,2647,1,4
8251,G,Ref,TAGGG,5,8247,8251,TATGG,2729,2733,1,4
8251,G,Ref,TAGGG,5,8247,8251,TTGGG,2812,2816,1,4
8251,G,Ref,TAGGG,5,8247,8251,TAGAG,2955,2959,1,4
8251,G,Ref,TAGGG,5,8247,8251,TAGGC,3389,3393,1,4
8251,G,Ref,TAGGG,5,8247,8251,TACGG,3433,3437,1,4
8251,G,Ref,TAGGG,5,8247,8251,CAGGG,3662,3666,1,4
8251,G,Ref,TAGGG,5,8247,8251,AAGGG,3911,3915,1,4
8251,G,Ref,TAGGG,5,8247,8251,TAGGA,4034,4038,1,4
8251,G,Ref,TAGGG,5,8247,8251,TAAGG,4404,4408,1,4
8251,G,Ref,TAGGG,5,8247,8251,TAGGA,4786,4790,1,4
8251,G,Ref,TAGGG,5,8247,8251,TAGGA,5221,5225,1,4
8251,G,Ref,TAGGG,5,8247,8251,TAGGT,5519,5523,1,4
8251,G,Ref,TAGGG,5,8247,8251,TAAGG,5587,5591,1,4
8251,G,Ref,TAGGG,5,8247,8251,TAGGC,5989,5993,1,4
8251,G,Ref,TAGGG,5,8247,8251,TAGGT,6046,6050,1,4
8251,G,Ref,TAGGG,5,8247,8251,CAGGG,6301,6305,1,4
8251,G,Ref,TAGGG,5,8247,8251,TATGG,6719,6723,1,4
8251,G,Ref,TAGGG,5,8247,8251,TAGGA,6787,6791,1,4
8251,G,Ref,TAGGG,5,8247,8251,TAGGA,6928,6932,1,4
8251,G,Ref,TAGGG,5,8247,8251,TAGGT,6952,6956,1,4
8251,G,Ref,TAGGG,5,8247,8251,TAGGC,7270,7274,1,4
8251,G,Ref,TAGGG,5,8247,8251,TAGGC,8088,8092,1,4
8251,G,Ref,TAGGG,5,8247,8251,TACGG,8162,8166,1,4
8251,G,Ref,TAGGG,5,8247,8251,TAGGA,9541,9545,1,4
8251,G,Ref,TAGGG,5,8247,8251,GAGGG,9982,9986,1,4
8251,G,Ref,TAGGG,5,8247,8251,TAGGA,10519,10523,1,4
8251,G,Ref,TAGGG,5,8247,8251,TAGGC,11223,11227,1,4
8251,G,Ref,TAGGG,5,8247,8251,TAGGC,11271,11275,1,4
8251,G,Ref,TAGGG,5,8247,8251,TACGG,11387,11391,1,4
8251,G,Ref,TAGGG,5,8247,8251,TAGGC,11472,11476,1,4
8251,G,Ref,TAGGG,5,8247,8251,TATGG,11480,11484,1,4
8251,G,Ref,TAGGG,5,8247,8251,TAGGA,12776,12780,1,4
8251,G,Ref,TAGGG,5,8247,8251,TAGGC,13175,13179,1,4
8251,G,Ref,TAGGG,5,8247,8251,TACGG,15056,15060,1,4
8251,G,Ref,TAGGG,5,8247,8251,GAGGG,15168,15172,1,4
8251,G,Ref,TAGGG,5,8247,8251,TAGGA,15372,15376,1,4
8251,G,Ref,TAGGG,5,8247,8251,TAGGC,15495,15499,1,4
8251,G,Ref,TAGGG,5,8247,8251,TAGGA,15609,15613,1,4
8251,G,Ref,TAGGG,5,8247,8251,TTGGG,16045,16049,1,4
8251,G,Ref,TAGGG,5,8247,8251,TACGG,16126,16130,1,4
8251,G,Ref,TAGGG,5,8247,8251,TAGGA,16271,16275,1,4
8251,G,Ref,TAGGG,5,8247,8251,TTGGG,16468,16472,1,4
8251,G,Ref,TAGGG,5,8247,8251,TGGGG,16469,16473,1,4
8251,G,Ref,TAGGG,5,8247,8251,CAGGG,16514,16518,1,4
8251,T,Alt,AATAGGTCCCGTATTT,16,8245,8260,AATAGGAGCTGTATTT,7049,7064,3,13
8251,T,Alt,TCCCGTATTTACCCT,15,8251,8265,TCCCGAATCAACCCT,14264,14278,3,12
8251,T,Alt,GGTCCCGTATTTACC,15,8249,8263,GACCCCTTATTTACC,12192,12206,3,12
8251,T,Alt,TAGGTCCCGTATTTA,15,8247,8261,TAGGCCTCCTATTTA,3605,3619,3,12
8251,T,Alt,TTTGAAATAGGT,12,8240,8251,TTTCAAAAAGGT,7511,7522,2,10
8251,T,Alt,GAAATAGGTC,10,8243,8252,GAAATATGTC,4264,4273,1,9
8251,T,Alt,TCCCGTATTTA,11,8251,8261,TCCCGTACTAA,4460,4470,2,9
8251,T,Alt,TCCCGTATTTA,11,8251,8261,TCCCCTATCTA,13946,13956,2,9
8251,T,Alt,AGGTCCCGTAT,11,8248,8258,AGAACCCGTAT,7421,7431,2,9
8251,T,Alt,TAGGTCCCGTA,11,8247,8257,TAGTTCCCCTA,6148,6158,2,9
8251,T,Alt,AAATAGGTCCC,11,8244,8254,AAATAGGGACC,2615,2625,2,9
8251,T,Alt,AAATAGGTCCC,11,8244,8254,AATTAGGTCTC,13013,13023,2,9
8251,T,Alt,GAAATAGGTCC,11,8243,8253,GAAATAAGGCC,3139,3149,2,9
8251,T,Alt,GAAATAGGTCC,11,8243,8253,GAAATATGTCT,4264,4274,2,9
8251,T,Alt,TGAAATAGGTC,11,8242,8252,AGAAATATGTC,4263,4273,2,9
8251,T,Alt,AAATAGGT,8,8244,8251,AAATAGGT,647,654,0,8
8251,T,Alt,TCCCGTATT,9,8251,8259,TCCCATATT,6666,6674,1,8
8251,T,Alt,TCCCGTATT,9,8251,8259,TCCCCTATT,7094,7102,1,8
8251,T,Alt,GTCCCGTAT,9,8250,8258,GTCCTGTAT,7697,7705,1,8
8251,T,Alt,AAATAGGTC,9,8244,8252,AAATAGGTT,647,655,1,8
8251,T,Alt,AAATAGGTC,9,8244,8252,AAGTAGGTC,7602,7610,1,8
8251,T,Alt,GAAATAGGT,9,8243,8251,CAAATAGGT,646,654,1,8
8251,T,Alt,TCCCGTATTT,10,8251,8260,CCCCTTATTT,4319,4328,2,8
8251,T,Alt,TCCCGTATTT,10,8251,8260,TCAAGTATTT,4639,4648,2,8
8251,T,Alt,TCCCGTATTT,10,8251,8260,TCCCATATTG,6666,6675,2,8
8251,T,Alt,TCCCGTATTT,10,8251,8260,TCCCCTATTC,7094,7103,2,8
8251,T,Alt,GTCCCGTATT,10,8250,8259,TTCCCGTACT,4459,4468,2,8
8251,T,Alt,GTCCCGTATT,10,8250,8259,CTCCCATATT,6665,6674,2,8
8251,T,Alt,GTCCCGTATT,10,8250,8259,TTCCCCTATT,7093,7102,2,8
8251,T,Alt,GTCCCGTATT,10,8250,8259,GTCCTGTATG,7697,7706,2,8
8251,T,Alt,GGTCCCGTAT,10,8249,8258,GGACCTGTAT,2621,2630,2,8
8251,T,Alt,GGTCCCGTAT,10,8249,8258,AGTCCTGTAT,7696,7705,2,8
8251,T,Alt,AATAGGTCCC,10,8245,8254,AACAGGGCCC,1458,1467,2,8
8251,T,Alt,AATAGGTCCC,10,8245,8254,AATAGCCCCC,4790,4799,2,8
8251,T,Alt,AATAGGTCCC,10,8245,8254,ACTAGTTCCC,6146,6155,2,8
8251,T,Alt,AATAGGTCCC,10,8245,8254,AATCGGTGCC,6161,6170,2,8
8251,T,Alt,AATAGGTCCC,10,8245,8254,AATAGGATCC,14254,14263,2,8
8251,T,Alt,AAATAGGTCC,10,8244,8253,AAATAGGTTT,647,656,2,8
8251,T,Alt,AAATAGGTCC,10,8244,8253,AAGTAGGTCT,7602,7611,2,8
8251,T,Alt,AAATAGGTCC,10,8244,8253,AAATAGTACC,10004,10013,2,8
8251,T,Alt,GAAATAGGTC,10,8243,8252,CAAATAGGTT,646,655,2,8
8251,T,Alt,GAAATAGGTC,10,8243,8252,CAAGTAGGTC,7601,7610,2,8
8251,T,Alt,GAAATAGGTC,10,8243,8252,CAATTAGGTC,13012,13021,2,8
8251,T,Alt,TGAAATAGGT,10,8242,8251,ACAAATAGGT,645,654,2,8
8251,T,Alt,TGAAATAGGT,10,8242,8251,TTAAATAGGG,2613,2622,2,8
8251,T,Alt,TGAAATAGGT,10,8242,8251,TGAAATCTGT,8176,8185,2,8
8251,T,Alt,TCCCGTAT,8,8251,8258,TCCCCTAT,7625,7632,1,7
8251,T,Alt,TCCCGTAT,8,8251,8258,TACCGTAT,8383,8390,1,7
8251,T,Alt,GGTCCCGT,8,8249,8256,GGTCCCTT,16390,16397,1,7
8251,T,Alt,TAGGTCCC,8,8247,8254,TAGGCCCC,3425,3432,1,7
8251,T,Alt,TAGGTCCC,8,8247,8254,TAGGCCCC,12298,12305,1,7
8251,T,Alt,ATAGGTCC,8,8246,8253,ACAGGTCC,2773,2780,1,7
8251,T,Alt,AATAGGTC,8,8245,8252,AACAGGTC,13629,13636,1,7
8251,T,Alt,AAATAGGT,8,8244,8251,ACATAGGT,6712,6719,1,7
8251,T,Alt,AAATAGGT,8,8244,8251,AAATAGGA,13409,13416,1,7
8251,T,Alt,AAATAGGT,8,8244,8251,AAATAGGA,14595,14602,1,7
8251,T,Alt,TCCCGT,6,8251,8256,TCCCGT,15144,15149,0,6
8251,T,Alt,TAGGTC,6,8247,8252,TAGGTC,1325,1330,0,6
8251,T,Alt,ATAGGT,6,8246,8251,ATAGGT,1978,1983,0,6
8251,T,Alt,TCCCGTA,7,8251,8257,TCCCATA,466,472,1,6
8251,T,Alt,TCCCGTA,7,8251,8257,CCCCGTA,3169,3175,1,6
8251,T,Alt,TCCCGTA,7,8251,8257,TACCGTA,5050,5056,1,6
8251,T,Alt,TCCCGTA,7,8251,8257,TCCCTTA,6293,6299,1,6
8251,T,Alt,TCCCGTA,7,8251,8257,TCCCTTA,7865,7871,1,6
8251,T,Alt,TCCCGTA,7,8251,8257,TCCCGGA,8110,8116,1,6
8251,T,Alt,TCCCGTA,7,8251,8257,TCCCCTA,8227,8233,1,6
8251,T,Alt,TCCCGTA,7,8251,8257,TCCCCTA,9581,9587,1,6
8251,T,Alt,TCCCGTA,7,8251,8257,TCCCCTA,11233,11239,1,6
8251,T,Alt,TCCCGTA,7,8251,8257,TCCCGTG,15144,15150,1,6
8251,T,Alt,TCCCGTA,7,8251,8257,TCCCATA,15204,15210,1,6
8251,T,Alt,TCCCGTA,7,8251,8257,TACCGTA,16325,16331,1,6
8251,T,Alt,TCCCGTA,7,8251,8257,TCCCGCA,16424,16430,1,6
8251,T,Alt,GTCCCGT,7,8250,8256,GTACCGT,10009,10015,1,6
8251,T,Alt,GTCCCGT,7,8250,8256,GTCCCTT,10203,10209,1,6
8251,T,Alt,GTCCCGT,7,8250,8256,CTCCCGT,15143,15149,1,6
8251,T,Alt,AGGTCCC,7,8248,8254,AGGTCCT,2775,2781,1,6
8251,T,Alt,AGGTCCC,7,8248,8254,AGGCCCC,3411,3417,1,6
8251,T,Alt,AGGTCCC,7,8248,8254,AGGCCCC,3957,3963,1,6
8251,T,Alt,AGGTCCC,7,8248,8254,AAGTCCC,9589,9595,1,6
8251,T,Alt,AGGTCCC,7,8248,8254,AGGCCCC,13050,13056,1,6
8251,T,Alt,AGGTCCC,7,8248,8254,GGGTCCC,16389,16395,1,6
8251,T,Alt,TAGGTCC,7,8247,8253,TTGGTCC,655,661,1,6
8251,T,Alt,TAGGTCC,7,8247,8253,TAGGTCA,1325,1331,1,6
8251,T,Alt,TAGGTCC,7,8247,8253,TATGTCC,7038,7044,1,6
8251,T,Alt,TAGGTCC,7,8247,8253,TATGTCC,15137,15143,1,6
8251,T,Alt,ATAGGTC,7,8246,8252,ACAGGTC,5,11,1,6
8251,T,Alt,ATAGGTC,7,8246,8252,TTAGGTC,1324,1330,1,6
8251,T,Alt,ATAGGTC,7,8246,8252,ATAGGTA,1978,1984,1,6
8251,T,Alt,ATAGGTC,7,8246,8252,ATATGTC,4215,4221,1,6
8251,T,Alt,ATAGGTC,7,8246,8252,ATAGGTA,6714,6720,1,6
8251,T,Alt,ATAGGTC,7,8246,8252,ATTGGTC,12290,12296,1,6
8251,T,Alt,AATAGGT,7,8245,8251,AATAGCT,1053,1059,1,6
8251,T,Alt,AATAGGT,7,8245,8251,AATAGAT,1772,1778,1,6
8251,T,Alt,AATAGGT,7,8245,8251,TATAGGT,1977,1983,1,6
8251,T,Alt,AATAGGT,7,8245,8251,AATAGGG,2971,2977,1,6
8251,T,Alt,AATAGGT,7,8245,8251,AATAAGT,3771,3777,1,6
8251,T,Alt,AATAGGT,7,8245,8251,AATAGGA,4304,4310,1,6
8251,T,Alt,AATAGGT,7,8245,8251,AATAGCT,4682,4688,1,6
8251,T,Alt,AATAGGT,7,8245,8251,AATAGCT,4766,4772,1,6
8251,T,Alt,AATAGGT,7,8245,8251,AACAGGT,6272,6278,1,6
8251,T,Alt,AATAGGT,7,8245,8251,AATAGTT,10316,10322,1,6
8251,T,Alt,AATAGGT,7,8245,8251,AATTGGT,10402,10408,1,6
8251,T,Alt,AATAGGT,7,8245,8251,AATAGCT,11359,11365,1,6
8251,T,Alt,AATAGGT,7,8245,8251,AATAGCT,11821,11827,1,6
8251,T,Alt,AATAGGT,7,8245,8251,AATAGTT,13275,13281,1,6
8251,T,Alt,TCCCG,5,8251,8255,TCCCG,3006,3010,0,5
8251,T,Alt,TCCCG,5,8251,8255,TCCCG,5734,5738,0,5
8251,T,Alt,TCCCG,5,8251,8255,TCCCG,8016,8020,0,5
8251,T,Alt,GTCCC,5,8250,8254,GTCCC,4812,4816,0,5
8251,T,Alt,GTCCC,5,8250,8254,GTCCC,8078,8082,0,5
8251,T,Alt,GTCCC,5,8250,8254,GTCCC,10775,10779,0,5
8251,T,Alt,GTCCC,5,8250,8254,GTCCC,15261,15265,0,5
8251,T,Alt,GTCCC,5,8250,8254,GTCCC,15596,15600,0,5
8251,T,Alt,GTCCC,5,8250,8254,GTCCC,16361,16365,0,5
8251,T,Alt,GGTCC,5,8249,8253,GGTCC,12629,12633,0,5
8251,T,Alt,GGTCC,5,8249,8253,GGTCC,13367,13371,0,5
8251,T,Alt,AGGTC,5,8248,8252,AGGTC,3089,3093,0,5
8251,T,Alt,AGGTC,5,8248,8252,AGGTC,4406,4410,0,5
8251,T,Alt,AGGTC,5,8248,8252,AGGTC,7851,7855,0,5
8251,T,Alt,TAGGT,5,8247,8251,TAGGT,5519,5523,0,5
8251,T,Alt,TAGGT,5,8247,8251,TAGGT,6046,6050,0,5
8251,T,Alt,TAGGT,5,8247,8251,TAGGT,6952,6956,0,5
8251,T,Alt,TCCCGT,6,8251,8256,TCCCCT,455,460,1,5
8251,T,Alt,TCCCGT,6,8251,8256,CCCCGT,705,710,1,5
8251,T,Alt,TCCCGT,6,8251,8256,TCCAGT,711,716,1,5
8251,T,Alt,TCCCGT,6,8251,8256,TCCAGT,1000,1005,1,5
8251,T,Alt,TCCCGT,6,8251,8256,GCCCGT,1485,1490,1,5
8251,T,Alt,TCCCGT,6,8251,8256,ACCCGT,1945,1950,1,5
8251,T,Alt,TCCCGT,6,8251,8256,TCCCCT,2075,2080,1,5
8251,T,Alt,TCCCGT,6,8251,8256,GCCCGT,2686,2691,1,5
8251,T,Alt,TCCCGT,6,8251,8256,TCCCGA,3006,3011,1,5
8251,T,Alt,TCCCGT,6,8251,8256,TCCCCT,4057,4062,1,5
8251,T,Alt,TCCCGT,6,8251,8256,TCCCCT,4475,4480,1,5
8251,T,Alt,TCCCGT,6,8251,8256,ACCCGT,4487,4492,1,5
8251,T,Alt,TCCCGT,6,8251,8256,TCCAGT,4592,4597,1,5
8251,T,Alt,TCCCGT,6,8251,8256,TCCCCT,5487,5492,1,5
8251,T,Alt,TCCCGT,6,8251,8256,TCCCGC,5734,5739,1,5
8251,T,Alt,TCCCGT,6,8251,8256,TCCCAT,7818,7823,1,5
8251,T,Alt,TCCCGT,6,8251,8256,TCCCGA,8016,8021,1,5
8251,T,Alt,TCCCGT,6,8251,8256,TCCCCT,8843,8848,1,5
8251,T,Alt,TCCCGT,6,8251,8256,TCCCTT,9758,9763,1,5
8251,T,Alt,TCCCGT,6,8251,8256,TCACGT,9824,9829,1,5
8251,T,Alt,TCCCGT,6,8251,8256,TCCAGT,11012,11017,1,5
8251,T,Alt,TCCCGT,6,8251,8256,TCCCTT,11228,11233,1,5
8251,T,Alt,TCCCGT,6,8251,8256,TCCCCT,13034,13039,1,5
8251,T,Alt,TCCCGT,6,8251,8256,TCCCAT,15383,15388,1,5
8251,T,Alt,TCCCGT,6,8251,8256,TCCCTT,16352,16357,1,5
8251,T,Alt,TCCCGT,6,8251,8256,TCTCGT,16357,16362,1,5
8251,T,Alt,TCCCGT,6,8251,8256,TCCCCT,16545,16550,1,5
8251,T,Alt,GTCCCG,6,8250,8255,GTACCG,1782,1787,1,5
8251,T,Alt,GTCCCG,6,8250,8255,ATCCCG,3005,3010,1,5
8251,T,Alt,GTCCCG,6,8250,8255,GCCCCG,3526,3531,1,5
8251,T,Alt,GTCCCG,6,8250,8255,GTCCCA,4812,4817,1,5
8251,T,Alt,GTCCCG,6,8250,8255,CTCCCG,5733,5738,1,5
8251,T,Alt,GTCCCG,6,8250,8255,GCCCCG,5763,5768,1,5
8251,T,Alt,GTCCCG,6,8250,8255,GCCCCG,7211,7216,1,5
8251,T,Alt,GTCCCG,6,8250,8255,CTCCCG,8015,8020,1,5
8251,T,Alt,GTCCCG,6,8250,8255,GTCCCC,8078,8083,1,5
8251,T,Alt,GTCCCG,6,8250,8255,TTCCCG,8109,8114,1,5
8251,T,Alt,GTCCCG,6,8250,8255,GTCCCA,9591,9596,1,5
8251,T,Alt,GTCCCG,6,8250,8255,GTCCCA,10775,10780,1,5
8251,T,Alt,GTCCCG,6,8250,8255,CTCCCG,14263,14268,1,5
8251,T,Alt,GTCCCG,6,8250,8255,GTCCCA,15261,15266,1,5
8251,T,Alt,GTCCCG,6,8250,8255,GTCCCT,15596,15601,1,5
8251,T,Alt,GTCCCG,6,8250,8255,GTCCCC,16361,16366,1,5
8251,T,Alt,GTCCCG,6,8250,8255,ATCCCG,16423,16428,1,5
8251,T,Alt,GGTCCC,6,8249,8254,GGTCCT,657,662,1,5
8251,T,Alt,GGTCCC,6,8249,8254,GGTCAC,901,906,1,5
8251,T,Alt,GGTCCC,6,8249,8254,GGTACC,2573,2578,1,5
8251,T,Alt,GGTCCC,6,8249,8254,GGGCCC,4427,4432,1,5
8251,T,Alt,GGTCCC,6,8249,8254,AGTCCC,4811,4816,1,5
8251,T,Alt,GGTCCC,6,8249,8254,GGTCAC,6618,6623,1,5
8251,T,Alt,GGTCCC,6,8249,8254,GATCCC,7859,7864,1,5
8251,T,Alt,GGTCCC,6,8249,8254,TGTCCC,8077,8082,1,5
8251,T,Alt,GGTCCC,6,8249,8254,GATCCC,8616,8621,1,5
8251,T,Alt,GGTCCC,6,8249,8254,GGGCCC,9265,9270,1,5
8251,T,Alt,GGTCCC,6,8249,8254,GGCCCC,9553,9558,1,5
8251,T,Alt,GGTCCC,6,8249,8254,GGTCTC,9714,9719,1,5
8251,T,Alt,GGTCCC,6,8249,8254,CGTCCC,10202,10207,1,5
8251,T,Alt,GGTCCC,6,8249,8254,CGTCCC,10774,10779,1,5
8251,T,Alt,GGTCCC,6,8249,8254,GTTCCC,10914,10919,1,5
8251,T,Alt,GGTCCC,6,8249,8254,GCTCCC,11226,11231,1,5
8251,T,Alt,GGTCCC,6,8249,8254,GGTCCA,12629,12634,1,5
8251,T,Alt,GGTCCC,6,8249,8254,GGTCCA,13367,13372,1,5
8251,T,Alt,GGTCCC,6,8249,8254,AGTCCC,15260,15265,1,5
8251,T,Alt,GGTCCC,6,8249,8254,CGTCCC,15595,15600,1,5
8251,T,Alt,GGTCCC,6,8249,8254,GGTACC,16048,16053,1,5
8251,T,Alt,GGTCCC,6,8249,8254,GGTACC,16129,16134,1,5
8251,T,Alt,GGTCCC,6,8249,8254,CGTCCC,16360,16365,1,5
8251,T,Alt,GGTCCC,6,8249,8254,GGGCCC,16455,16460,1,5
8251,T,Alt,GGTCCC,6,8249,8254,GGTTCC,16503,16508,1,5
8251,T,Alt,GGTCCC,6,8249,8254,GTTCCC,16543,16548,1,5
8251,T,Alt,AGGTCC,6,8248,8253,AGGTCT,7,12,1,5
8251,T,Alt,AGGTCC,6,8248,8253,AGGACC,1168,1173,1,5
8251,T,Alt,AGGTCC,6,8248,8253,AGGTTC,3030,3035,1,5
8251,T,Alt,AGGTCC,6,8248,8253,AAGTCC,3052,3057,1,5
8251,T,Alt,AGGTCC,6,8248,8253,AGGTCG,3089,3094,1,5
8251,T,Alt,AGGTCC,6,8248,8253,AGGTTC,3282,3287,1,5
8251,T,Alt,AGGTCC,6,8248,8253,AGGTCA,4406,4411,1,5
8251,T,Alt,AGGTCC,6,8248,8253,AAGTCC,7345,7350,1,5
8251,T,Alt,AGGTCC,6,8248,8253,AGGTCA,7851,7856,1,5
8251,T,Alt,AGGTCC,6,8248,8253,AGCTCC,11576,11581,1,5
8251,T,Alt,AGGTCC,6,8248,8253,TGGTCC,12628,12633,1,5
8251,T,Alt,AGGTCC,6,8248,8253,GGGTCC,13366,13371,1,5
8251,T,Alt,AGGTCC,6,8248,8253,AGGTCA,13632,13637,1,5
8251,T,Alt,TAGGTC,6,8247,8252,TATGTC,115,120,1,5
8251,T,Alt,TAGGTC,6,8247,8252,TAGGAC,226,231,1,5
8251,T,Alt,TAGGTC,6,8247,8252,TAGCTC,674,679,1,5
8251,T,Alt,TAGGTC,6,8247,8252,TTGGTC,875,880,1,5
8251,T,Alt,TAGGTC,6,8247,8252,TAGATC,949,954,1,5
8251,T,Alt,TAGGTC,6,8247,8252,TAGTTC,2038,2043,1,5
8251,T,Alt,TAGGTC,6,8247,8252,TAGGCC,2171,2176,1,5
8251,T,Alt,TAGGTC,6,8247,8252,CAGGTC,3088,3093,1,5
8251,T,Alt,TAGGTC,6,8247,8252,TAGCTC,3536,3541,1,5
8251,T,Alt,TAGGTC,6,8247,8252,TAGGAC,4330,4335,1,5
8251,T,Alt,TAGGTC,6,8247,8252,AAGGTC,4405,4410,1,5
8251,T,Alt,TAGGTC,6,8247,8252,TAGGCC,4561,4566,1,5
8251,T,Alt,TAGGTC,6,8247,8252,TAGGTT,5519,5524,1,5
8251,T,Alt,TAGGTC,6,8247,8252,TAGGTA,6046,6051,1,5
8251,T,Alt,TAGGTC,6,8247,8252,TCGGTC,6616,6621,1,5
8251,T,Alt,TAGGTC,6,8247,8252,TAGGTG,6952,6957,1,5
8251,T,Alt,TAGGTC,6,8247,8252,GAGGTC,7850,7855,1,5
8251,T,Alt,TAGGTC,6,8247,8252,TAGGCC,8570,8575,1,5
8251,T,Alt,TAGGTC,6,8247,8252,TAGGCC,9340,9345,1,5
8251,T,Alt,TAGGTC,6,8247,8252,TGGGTC,9712,9717,1,5
8251,T,Alt,TAGGTC,6,8247,8252,TATGTC,9963,9968,1,5
8251,T,Alt,TAGGTC,6,8247,8252,TATGTC,10322,10327,1,5
8251,T,Alt,TAGGTC,6,8247,8252,TAAGTC,10357,10362,1,5
8251,T,Alt,TAGGTC,6,8247,8252,TGGGTC,11437,11442,1,5
8251,T,Alt,TAGGTC,6,8247,8252,TAGGCC,12977,12982,1,5
8251,T,Alt,TAGGTC,6,8247,8252,TAGGAC,13265,13270,1,5
8251,T,Alt,TAGGTC,6,8247,8252,TAGGAC,13823,13828,1,5
8251,T,Alt,TAGGTC,6,8247,8252,TAGGCC,13955,13960,1,5
8251,T,Alt,TAGGTC,6,8247,8252,TAGTTC,15225,15230,1,5
8251,T,Alt,ATAGGT,6,8246,8251,ATAGGC,1744,1749,1,5
8251,T,Alt,ATAGGT,6,8246,8251,ATAGCT,2012,2017,1,5
8251,T,Alt,ATAGGT,6,8246,8251,ATAAGT,2306,2311,1,5
8251,T,Alt,ATAGGT,6,8246,8251,AAAGGT,2450,2455,1,5
8251,T,Alt,ATAGGT,6,8246,8251,AAAGGT,2589,2594,1,5
8251,T,Alt,ATAGGT,6,8246,8251,AAAGGT,3028,3033,1,5
8251,T,Alt,ATAGGT,6,8246,8251,AGAGGT,3280,3285,1,5
8251,T,Alt,ATAGGT,6,8246,8251,AGAGGT,4817,4822,1,5
8251,T,Alt,ATAGGT,6,8246,8251,ATAGGA,5028,5033,1,5
8251,T,Alt,ATAGGT,6,8246,8251,TTAGGT,5518,5523,1,5
8251,T,Alt,ATAGGT,6,8246,8251,CTAGGT,6045,6050,1,5
8251,T,Alt,ATAGGT,6,8246,8251,GTAGGT,6951,6956,1,5
8251,T,Alt,ATAGGT,6,8246,8251,ATAGGA,7071,7076,1,5
8251,T,Alt,ATAGGT,6,8246,8251,ATAGGC,7562,7567,1,5
8251,T,Alt,ATAGGT,6,8246,8251,ATAGGC,8869,8874,1,5
8251,T,Alt,ATAGGT,6,8246,8251,ATAGTT,10411,10416,1,5
8251,T,Alt,ATAGGT,6,8246,8251,ATAGCT,10596,10601,1,5
8251,T,Alt,ATAGGT,6,8246,8251,ATAGTT,12144,12149,1,5
8251,T,Alt,ATAGGT,6,8246,8251,ATCGGT,12874,12879,1,5
8251,T,Alt,ATAGGT,6,8246,8251,ATAGTT,13090,13095,1,5
8251,T,Alt,ATAGGT,6,8246,8251,ACAGGT,13495,13500,1,5
8251,T,Alt,ATAGGT,6,8246,8251,ATAGGC,15131,15136,1,5
8251,T,Alt,ATAGGT,6,8246,8251,ATAGGG,16385,16390,1,5
8251,T,Alt,TCCCG,5,8251,8255,TCACG,30,34,1,4
8251,T,Alt,TCCCG,5,8251,8255,TCCTG,139,143,1,4
8251,T,Alt,TCCCG,5,8251,8255,TCCCC,310,314,1,4
8251,T,Alt,TCCCG,5,8251,8255,CCCCG,312,316,1,4
8251,T,Alt,TCCCG,5,8251,8255,TCCCA,460,464,1,4
8251,T,Alt,TCCCG,5,8251,8255,CCCCG,495,499,1,4
8251,T,Alt,TCCCG,5,8251,8255,CCCCG,541,545,1,4
8251,T,Alt,TCCCG,5,8251,8255,TCCCC,704,708,1,4
8251,T,Alt,TCCCG,5,8251,8255,TCCCC,961,965,1,4
8251,T,Alt,TCCCG,5,8251,8255,TCCCT,1189,1193,1,4
8251,T,Alt,TCCCG,5,8251,8255,CCCCG,1223,1227,1,4
8251,T,Alt,TCCCG,5,8251,8255,TACCG,1259,1263,1,4
8251,T,Alt,TCCCG,5,8251,8255,CCCCG,1902,1906,1,4
8251,T,Alt,TCCCG,5,8251,8255,TACCG,1998,2002,1,4
8251,T,Alt,TCCCG,5,8251,8255,TCCCA,2233,2237,1,4
8251,T,Alt,TCCCG,5,8251,8255,CCCCG,2488,2492,1,4
8251,T,Alt,TCCCG,5,8251,8255,TCCAG,3086,3090,1,4
8251,T,Alt,TCCCG,5,8251,8255,TCCCT,3118,3122,1,4
8251,T,Alt,TCCCG,5,8251,8255,TCCCC,3167,3171,1,4
8251,T,Alt,TCCCG,5,8251,8255,GCCCG,3244,3248,1,4
8251,T,Alt,TCCCG,5,8251,8255,TACCG,3372,3376,1,4
8251,T,Alt,TCCCG,5,8251,8255,ACCCG,3492,3496,1,4
8251,T,Alt,TCCCG,5,8251,8255,TCCCC,3572,3576,1,4
8251,T,Alt,TCCCG,5,8251,8255,TCCTG,3830,3834,1,4
8251,T,Alt,TCCCG,5,8251,8255,TGCCG,3906,3910,1,4
8251,T,Alt,TCCCG,5,8251,8255,TCCCT,4108,4112,1,4
8251,T,Alt,TCCCG,5,8251,8255,CCCCG,4138,4142,1,4
8251,T,Alt,TCCCG,5,8251,8255,TTCCG,4144,4148,1,4
8251,T,Alt,TCCCG,5,8251,8255,TCCAG,4240,4244,1,4
8251,T,Alt,TCCCG,5,8251,8255,TCCCC,4248,4252,1,4
8251,T,Alt,TCCCG,5,8251,8255,TCCCT,4353,4357,1,4
8251,T,Alt,TCCCG,5,8251,8255,CCCCG,4436,4440,1,4
8251,T,Alt,TCCCG,5,8251,8255,TCACG,4651,4655,1,4
8251,T,Alt,TCCCG,5,8251,8255,TCCGG,4710,4714,1,4
8251,T,Alt,TCCCG,5,8251,8255,TCCGG,4845,4849,1,4
8251,T,Alt,TCCCG,5,8251,8255,TCCCT,4907,4911,1,4
8251,T,Alt,TCCCG,5,8251,8255,TACCG,5108,5112,1,4
8251,T,Alt,TCCCG,5,8251,8255,TCCAG,5136,5140,1,4
8251,T,Alt,TCCCG,5,8251,8255,TCTCG,5160,5164,1,4
8251,T,Alt,TCCCG,5,8251,8255,TCCCT,5217,5221,1,4
8251,T,Alt,TCCCG,5,8251,8255,CCCCG,5233,5237,1,4
8251,T,Alt,TCCCG,5,8251,8255,TCCCC,5302,5306,1,4
8251,T,Alt,TCCCG,5,8251,8255,TCCCC,5383,5387,1,4
8251,T,Alt,TCCCG,5,8251,8255,TCCCC,5446,5450,1,4
8251,T,Alt,TCCCG,5,8251,8255,CCCCG,6170,6174,1,4
8251,T,Alt,TCCCG,5,8251,8255,TCCCC,6185,6189,1,4
8251,T,Alt,TCCCG,5,8251,8255,CCCCG,6186,6190,1,4
8251,T,Alt,TCCCG,5,8251,8255,TCCCT,6221,6225,1,4
8251,T,Alt,TCCCG,5,8251,8255,TCCTG,6235,6239,1,4
8251,T,Alt,TCCCG,5,8251,8255,TCCCA,6312,6316,1,4
8251,T,Alt,TCCCG,5,8251,8255,TCCCA,6499,6503,1,4
8251,T,Alt,TCCCG,5,8251,8255,CCCCG,6566,6570,1,4
8251,T,Alt,TCCCG,5,8251,8255,TCCGG,6687,6691,1,4
8251,T,Alt,TCCCG,5,8251,8255,TCCCC,6844,6848,1,4
8251,T,Alt,TCCCG,5,8251,8255,TCCCA,7180,7184,1,4
8251,T,Alt,TCCCG,5,8251,8255,TCTCG,7193,7197,1,4
8251,T,Alt,TCCCG,5,8251,8255,TCCGG,7203,7207,1,4
8251,T,Alt,TCCCG,5,8251,8255,CCCCG,7232,7236,1,4
8251,T,Alt,TCCCG,5,8251,8255,TCACG,7660,7664,1,4
8251,T,Alt,TCCCG,5,8251,8255,TCCTG,7785,7789,1,4
8251,T,Alt,TCCCG,5,8251,8255,GCCCG,7789,7793,1,4
8251,T,Alt,TCCCG,5,8251,8255,TCCCT,7823,7827,1,4
8251,T,Alt,TCCCG,5,8251,8255,TCCCT,7861,7865,1,4
8251,T,Alt,TCCCG,5,8251,8255,TCCCC,7954,7958,1,4
8251,T,Alt,TCCCG,5,8251,8255,TCCCT,8473,8477,1,4
8251,T,Alt,TCCCG,5,8251,8255,ACCCG,8577,8581,1,4
8251,T,Alt,TCCCG,5,8251,8255,TCCCC,8604,8608,1,4
8251,T,Alt,TCCCG,5,8251,8255,TCCCC,8618,8622,1,4
8251,T,Alt,TCCCG,5,8251,8255,TCCTG,8786,8790,1,4
8251,T,Alt,TCCCG,5,8251,8255,TCCCC,8939,8943,1,4
8251,T,Alt,TCCCG,5,8251,8255,TCCCT,9084,9088,1,4
8251,T,Alt,TCCCG,5,8251,8255,TCCGG,9291,9295,1,4
8251,T,Alt,TCCCG,5,8251,8255,TCCAG,9516,9520,1,4
8251,T,Alt,TCCCG,5,8251,8255,CCCCG,9571,9575,1,4
8251,T,Alt,TCCCG,5,8251,8255,TTCCG,9770,9774,1,4
8251,T,Alt,TCCCG,5,8251,8255,TCCCC,10191,10195,1,4
8251,T,Alt,TCCCG,5,8251,8255,CCCCG,10193,10197,1,4
8251,T,Alt,TCCCG,5,8251,8255,GCCCG,10197,10201,1,4
8251,T,Alt,TCCCG,5,8251,8255,TCCCT,10329,10333,1,4
8251,T,Alt,TCCCG,5,8251,8255,TCCCT,10554,10558,1,4
8251,T,Alt,TCCCG,5,8251,8255,TCCCT,10626,10630,1,4
8251,T,Alt,TCCCG,5,8251,8255,TGCCG,10667,10671,1,4
8251,T,Alt,TCCCG,5,8251,8255,TCCCT,10869,10873,1,4
8251,T,Alt,TCCCG,5,8251,8255,TCCCC,10916,10920,1,4
8251,T,Alt,TCCCG,5,8251,8255,TCACG,11027,11031,1,4
8251,T,Alt,TCCCG,5,8251,8255,TCCCT,11060,11064,1,4
8251,T,Alt,TCCCG,5,8251,8255,TCCCC,11139,11143,1,4
8251,T,Alt,TCCCG,5,8251,8255,ACCCG,11159,11163,1,4
8251,T,Alt,TCCCG,5,8251,8255,TCCTG,11324,11328,1,4
8251,T,Alt,TCCCG,5,8251,8255,TCCCT,11406,11410,1,4
8251,T,Alt,TCCCG,5,8251,8255,TGCCG,11452,11456,1,4
8251,T,Alt,TCCCG,5,8251,8255,TCCCT,11552,11556,1,4
8251,T,Alt,TCCCG,5,8251,8255,TCCCA,11814,11818,1,4
8251,T,Alt,TCCCG,5,8251,8255,TCCTG,11918,11922,1,4
8251,T,Alt,TCCCG,5,8251,8255,TCCCT,11978,11982,1,4
8251,T,Alt,TCCCG,5,8251,8255,TCCCC,12083,12087,1,4
8251,T,Alt,TCCCG,5,8251,8255,TCCCT,12101,12105,1,4
8251,T,Alt,TCCCG,5,8251,8255,CCCCG,12109,12113,1,4
8251,T,Alt,TCCCG,5,8251,8255,TACCG,12121,12125,1,4
8251,T,Alt,TCCCG,5,8251,8255,TACCG,12203,12207,1,4
8251,T,Alt,TCCCG,5,8251,8255,TCCCT,12376,12380,1,4
8251,T,Alt,TCCCG,5,8251,8255,TCCCC,12384,12388,1,4
8251,T,Alt,TCCCG,5,8251,8255,TCCCC,12482,12486,1,4
8251,T,Alt,TCCCG,5,8251,8255,TCTCG,12524,12528,1,4
8251,T,Alt,TCCCG,5,8251,8255,TCCCT,12565,12569,1,4
8251,T,Alt,TCCCG,5,8251,8255,TCCCT,12605,12609,1,4
8251,T,Alt,TCCCG,5,8251,8255,TACCG,12732,12736,1,4
8251,T,Alt,TCCCG,5,8251,8255,GCCCG,12814,12818,1,4
8251,T,Alt,TCCCG,5,8251,8255,TCCTG,13313,13317,1,4
8251,T,Alt,TCCCG,5,8251,8255,TCCGG,13363,13367,1,4
8251,T,Alt,TCCCG,5,8251,8255,TCCCT,13450,13454,1,4
8251,T,Alt,TCCCG,5,8251,8255,TCCCT,13585,13589,1,4
8251,T,Alt,TCCCG,5,8251,8255,TCCCC,13646,13650,1,4
8251,T,Alt,TCCCG,5,8251,8255,TCCCC,13753,13757,1,4
8251,T,Alt,TCCCG,5,8251,8255,CCCCG,13755,13759,1,4
8251,T,Alt,TCCCG,5,8251,8255,TCCCC,13762,13766,1,4
8251,T,Alt,TCCCG,5,8251,8255,TCCCC,13781,13785,1,4
8251,T,Alt,TCCCG,5,8251,8255,TCCCC,13879,13883,1,4
8251,T,Alt,TCCCG,5,8251,8255,TCCCA,14114,14118,1,4
8251,T,Alt,TCCCG,5,8251,8255,TCCCC,14154,14158,1,4
8251,T,Alt,TCCCG,5,8251,8255,CCCCG,14156,14160,1,4
8251,T,Alt,TCCCG,5,8251,8255,CCCCG,14245,14249,1,4
8251,T,Alt,TCCCG,5,8251,8255,TCCCC,14488,14492,1,4
8251,T,Alt,TCCCG,5,8251,8255,TCCCC,14530,14534,1,4
8251,T,Alt,TCCCG,5,8251,8255,ACCCG,14556,14560,1,4
8251,T,Alt,TCCCG,5,8251,8255,TCTCG,14677,14681,1,4
8251,T,Alt,TCCCG,5,8251,8255,TCCCC,14808,14812,1,4
8251,T,Alt,TCCCG,5,8251,8255,TCACG,14992,14996,1,4
8251,T,Alt,TCCCG,5,8251,8255,TCCTG,15102,15106,1,4
8251,T,Alt,TCCCG,5,8251,8255,TTCCG,15388,15392,1,4
8251,T,Alt,TCCCG,5,8251,8255,TCCCC,15541,15545,1,4
8251,T,Alt,TCCCG,5,8251,8255,GCCCG,15553,15557,1,4
8251,T,Alt,TCCCG,5,8251,8255,TCCCC,15657,15661,1,4
8251,T,Alt,TCCCG,5,8251,8255,TCCCT,15854,15858,1,4
8251,T,Alt,TCCCG,5,8251,8255,TCCCC,16189,16193,1,4
8251,T,Alt,TCCCG,5,8251,8255,TCCGG,16452,16456,1,4
8251,T,Alt,TCCCG,5,8251,8255,TCACG,16562,16566,1,4
8251,T,Alt,GTCCC,5,8250,8254,GTCGC,118,122,1,4
8251,T,Alt,GTCCC,5,8250,8254,CTCCC,309,313,1,4
8251,T,Alt,GTCCC,5,8250,8254,GTCAC,429,433,1,4
8251,T,Alt,GTCCC,5,8250,8254,TTCCC,454,458,1,4
8251,T,Alt,GTCCC,5,8250,8254,CTCCC,459,463,1,4
8251,T,Alt,GTCCC,5,8250,8254,CTCCC,465,469,1,4
8251,T,Alt,GTCCC,5,8250,8254,ATCCC,703,707,1,4
8251,T,Alt,GTCCC,5,8250,8254,GTTCC,709,713,1,4
8251,T,Alt,GTCCC,5,8250,8254,GTGCC,887,891,1,4
8251,T,Alt,GTCCC,5,8250,8254,CTCCC,960,964,1,4
8251,T,Alt,GTCCC,5,8250,8254,GACCC,1062,1066,1,4
8251,T,Alt,GTCCC,5,8250,8254,ATCCC,1188,1192,1,4
8251,T,Alt,GTCCC,5,8250,8254,GTACC,1307,1311,1,4
8251,T,Alt,GTCCC,5,8250,8254,GTCAC,1489,1493,1,4
8251,T,Alt,GTCCC,5,8250,8254,GCCCC,1681,1685,1,4
8251,T,Alt,GTCCC,5,8250,8254,GACCC,1899,1903,1,4
8251,T,Alt,GTCCC,5,8250,8254,GTCCA,2022,2026,1,4
8251,T,Alt,GTCCC,5,8250,8254,ATCCC,2074,2078,1,4
8251,T,Alt,GTCCC,5,8250,8254,GTCCA,2098,2102,1,4
8251,T,Alt,GTCCC,5,8250,8254,ATCCC,2232,2236,1,4
8251,T,Alt,GTCCC,5,8250,8254,GTTCC,2608,2612,1,4
8251,T,Alt,GTCCC,5,8250,8254,GTCTC,2655,2659,1,4
8251,T,Alt,GTCCC,5,8250,8254,GACCC,2724,2728,1,4
8251,T,Alt,GTCCC,5,8250,8254,GTACC,2758,2762,1,4
8251,T,Alt,GTCCC,5,8250,8254,GTCCA,2959,2963,1,4
8251,T,Alt,GTCCC,5,8250,8254,GTCCT,3054,3058,1,4
8251,T,Alt,GTCCC,5,8250,8254,CTCCC,3117,3121,1,4
8251,T,Alt,GTCCC,5,8250,8254,TTCCC,3166,3170,1,4
8251,T,Alt,GTCCC,5,8250,8254,GTACC,3337,3341,1,4
8251,T,Alt,GTCCC,5,8250,8254,GCCCC,3483,3487,1,4
8251,T,Alt,GTCCC,5,8250,8254,CTCCC,3571,3575,1,4
8251,T,Alt,GTCCC,5,8250,8254,GTCAC,3736,3740,1,4
8251,T,Alt,GTCCC,5,8250,8254,GACCC,3842,3846,1,4
8251,T,Alt,GTCCC,5,8250,8254,GTCCG,3918,3922,1,4
8251,T,Alt,GTCCC,5,8250,8254,GTCTC,3928,3932,1,4
8251,T,Alt,GTCCC,5,8250,8254,CTCCC,4056,4060,1,4
8251,T,Alt,GTCCC,5,8250,8254,GTCAC,4084,4088,1,4
8251,T,Alt,GTCCC,5,8250,8254,GACCC,4092,4096,1,4
8251,T,Alt,GTCCC,5,8250,8254,CTCCC,4107,4111,1,4
8251,T,Alt,GTCCC,5,8250,8254,GTCTC,4219,4223,1,4
8251,T,Alt,GTCCC,5,8250,8254,TTCCC,4247,4251,1,4
8251,T,Alt,GTCCC,5,8250,8254,ATCCC,4352,4356,1,4
8251,T,Alt,GTCCC,5,8250,8254,GTGCC,4376,4380,1,4
8251,T,Alt,GTCCC,5,8250,8254,ATCCC,4474,4478,1,4
8251,T,Alt,GTCCC,5,8250,8254,GGCCC,4481,4485,1,4
8251,T,Alt,GTCCC,5,8250,8254,GTTCC,4621,4625,1,4
8251,T,Alt,GTCCC,5,8250,8254,GCCCC,4878,4882,1,4
8251,T,Alt,GTCCC,5,8250,8254,CTCCC,4906,4910,1,4
8251,T,Alt,GTCCC,5,8250,8254,GACCC,5147,5151,1,4
8251,T,Alt,GTCCC,5,8250,8254,CTCCC,5216,5220,1,4
8251,T,Alt,GTCCC,5,8250,8254,GCCCC,5231,5235,1,4
8251,T,Alt,GTCCC,5,8250,8254,ATCCC,5301,5305,1,4
8251,T,Alt,GTCCC,5,8250,8254,CTCCC,5382,5386,1,4
8251,T,Alt,GTCCC,5,8250,8254,CTCCC,5445,5449,1,4
8251,T,Alt,GTCCC,5,8250,8254,CTCCC,5486,5490,1,4
8251,T,Alt,GTCCC,5,8250,8254,GTCCA,5864,5868,1,4
8251,T,Alt,GTCCC,5,8250,8254,GTCCT,5985,5989,1,4
8251,T,Alt,GTCCC,5,8250,8254,GTCAC,6075,6079,1,4
8251,T,Alt,GTCCC,5,8250,8254,GCCCC,6168,6172,1,4
8251,T,Alt,GTCCC,5,8250,8254,TTCCC,6184,6188,1,4
8251,T,Alt,GTCCC,5,8250,8254,CTCCC,6220,6224,1,4
8251,T,Alt,GTCCC,5,8250,8254,CTCCC,6292,6296,1,4
8251,T,Alt,GTCCC,5,8250,8254,CTCCC,6311,6315,1,4
8251,T,Alt,GTCCC,5,8250,8254,GTCTC,6366,6370,1,4
8251,T,Alt,GTCCC,5,8250,8254,GCCCC,6446,6450,1,4
8251,T,Alt,GTCCC,5,8250,8254,GTCCT,6465,6469,1,4
8251,T,Alt,GTCCC,5,8250,8254,GTCCT,6480,6484,1,4
8251,T,Alt,GTCCC,5,8250,8254,CTCCC,6498,6502,1,4
8251,T,Alt,GTCCC,5,8250,8254,GTCCT,6504,6508,1,4
8251,T,Alt,GTCCC,5,8250,8254,GACCC,6564,6568,1,4
8251,T,Alt,GTCCC,5,8250,8254,GACCC,6582,6586,1,4
8251,T,Alt,GTCCC,5,8250,8254,ATCCC,6843,6847,1,4
8251,T,Alt,GTCCC,5,8250,8254,GTCCT,7041,7045,1,4
8251,T,Alt,GTCCC,5,8250,8254,TTCCC,7179,7183,1,4
8251,T,Alt,GTCCC,5,8250,8254,GTCCT,7347,7351,1,4
8251,T,Alt,GTCCC,5,8250,8254,GCCCC,7396,7400,1,4
8251,T,Alt,GTCCC,5,8250,8254,TTCCC,7624,7628,1,4
8251,T,Alt,GTCCC,5,8250,8254,GTCCT,7805,7809,1,4
8251,T,Alt,GTCCC,5,8250,8254,CTCCC,7817,7821,1,4
8251,T,Alt,GTCCC,5,8250,8254,ATCCC,7822,7826,1,4
8251,T,Alt,GTCCC,5,8250,8254,CTCCC,7864,7868,1,4
8251,T,Alt,GTCCC,5,8250,8254,TTCCC,7953,7957,1,4
8251,T,Alt,GTCCC,5,8250,8254,GCCCC,8027,8031,1,4
8251,T,Alt,GTCCC,5,8250,8254,GTCCT,8213,8217,1,4
8251,T,Alt,GTCCC,5,8250,8254,TTCCC,8226,8230,1,4
8251,T,Alt,GTCCC,5,8250,8254,GCCCC,8368,8372,1,4
8251,T,Alt,GTCCC,5,8250,8254,GGCCC,8391,8395,1,4
8251,T,Alt,GTCCC,5,8250,8254,CTCCC,8472,8476,1,4
8251,T,Alt,GTCCC,5,8250,8254,GCCCC,8557,8561,1,4
8251,T,Alt,GTCCC,5,8250,8254,TTCCC,8603,8607,1,4
8251,T,Alt,GTCCC,5,8250,8254,ATCCC,8842,8846,1,4
8251,T,Alt,GTCCC,5,8250,8254,ATCCC,8938,8942,1,4
8251,T,Alt,GTCCC,5,8250,8254,TTCCC,9083,9087,1,4
8251,T,Alt,GTCCC,5,8250,8254,GTCGC,9142,9146,1,4
8251,T,Alt,GTCCC,5,8250,8254,GACCC,9209,9213,1,4
8251,T,Alt,GTCCC,5,8250,8254,GACCC,9253,9257,1,4
8251,T,Alt,GTCCC,5,8250,8254,GTCCA,9429,9433,1,4
8251,T,Alt,GTCCC,5,8250,8254,GCCCC,9525,9529,1,4
8251,T,Alt,GTCCC,5,8250,8254,ATCCC,9580,9584,1,4
8251,T,Alt,GTCCC,5,8250,8254,GTCTC,9755,9759,1,4
8251,T,Alt,GTCCC,5,8250,8254,CTCCC,9757,9761,1,4
8251,T,Alt,GTCCC,5,8250,8254,GTCTC,9966,9970,1,4
8251,T,Alt,GTCCC,5,8250,8254,GACCC,10182,10186,1,4
8251,T,Alt,GTCCC,5,8250,8254,ATCCC,10190,10194,1,4
8251,T,Alt,GTCCC,5,8250,8254,ATCCC,10328,10332,1,4
8251,T,Alt,GTCCC,5,8250,8254,GCCCC,10472,10476,1,4
8251,T,Alt,GTCCC,5,8250,8254,CTCCC,10553,10557,1,4
8251,T,Alt,GTCCC,5,8250,8254,CTCCC,10625,10629,1,4
8251,T,Alt,GTCCC,5,8250,8254,GTGCC,10644,10648,1,4
8251,T,Alt,GTCCC,5,8250,8254,GTCTC,10704,10708,1,4
8251,T,Alt,GTCCC,5,8250,8254,ATCCC,10868,10872,1,4
8251,T,Alt,GTCCC,5,8250,8254,GACCC,10934,10938,1,4
8251,T,Alt,GTCCC,5,8250,8254,CTCCC,11059,11063,1,4
8251,T,Alt,GTCCC,5,8250,8254,ATCCC,11138,11142,1,4
8251,T,Alt,GTCCC,5,8250,8254,TTCCC,11232,11236,1,4
8251,T,Alt,GTCCC,5,8250,8254,CTCCC,11405,11409,1,4
8251,T,Alt,GTCCC,5,8250,8254,GCCCC,11426,11430,1,4
8251,T,Alt,GTCCC,5,8250,8254,ATCCC,11551,11555,1,4
8251,T,Alt,GTCCC,5,8250,8254,GTCGC,11775,11779,1,4
8251,T,Alt,GTCCC,5,8250,8254,CTCCC,11813,11817,1,4
8251,T,Alt,GTCCC,5,8250,8254,GTCAC,11963,11967,1,4
8251,T,Alt,GTCCC,5,8250,8254,CTCCC,11977,11981,1,4
8251,T,Alt,GTCCC,5,8250,8254,ATCCC,12082,12086,1,4
8251,T,Alt,GTCCC,5,8250,8254,ATCCC,12100,12104,1,4
8251,T,Alt,GTCCC,5,8250,8254,GCCCC,12236,12240,1,4
8251,T,Alt,GTCCC,5,8250,8254,TTCCC,12375,12379,1,4
8251,T,Alt,GTCCC,5,8250,8254,TTCCC,12383,12387,1,4
8251,T,Alt,GTCCC,5,8250,8254,GTCGC,12454,12458,1,4
8251,T,Alt,GTCCC,5,8250,8254,GTCTC,12476,12480,1,4
8251,T,Alt,GTCCC,5,8250,8254,TTCCC,12481,12485,1,4
8251,T,Alt,GTCCC,5,8250,8254,GTGCC,12501,12505,1,4
8251,T,Alt,GTCCC,5,8250,8254,CTCCC,12564,12568,1,4
8251,T,Alt,GTCCC,5,8250,8254,ATCCC,12604,12608,1,4
8251,T,Alt,GTCCC,5,8250,8254,GACCC,12667,12671,1,4
8251,T,Alt,GTCCC,5,8250,8254,GACCC,12925,12929,1,4
8251,T,Alt,GTCCC,5,8250,8254,CTCCC,13033,13037,1,4
8251,T,Alt,GTCCC,5,8250,8254,GTCTC,13063,13067,1,4
8251,T,Alt,GTCCC,5,8250,8254,GTACC,13325,13329,1,4
8251,T,Alt,GTCCC,5,8250,8254,CTCCC,13449,13453,1,4
8251,T,Alt,GTCCC,5,8250,8254,CTCCC,13584,13588,1,4
8251,T,Alt,GTCCC,5,8250,8254,TTCCC,13645,13649,1,4
8251,T,Alt,GTCCC,5,8250,8254,TTCCC,13752,13756,1,4
8251,T,Alt,GTCCC,5,8250,8254,ATCCC,13761,13765,1,4
8251,T,Alt,GTCCC,5,8250,8254,ATCCC,13780,13784,1,4
8251,T,Alt,GTCCC,5,8250,8254,GTCAC,13813,13817,1,4
8251,T,Alt,GTCCC,5,8250,8254,ATCCC,13878,13882,1,4
8251,T,Alt,GTCCC,5,8250,8254,ATCCC,13945,13949,1,4
8251,T,Alt,GTCCC,5,8250,8254,GCCCC,13980,13984,1,4
8251,T,Alt,GTCCC,5,8250,8254,TTCCC,14113,14117,1,4
8251,T,Alt,GTCCC,5,8250,8254,TTCCC,14153,14157,1,4
8251,T,Alt,GTCCC,5,8250,8254,GCCCC,14243,14247,1,4
8251,T,Alt,GTCCC,5,8250,8254,GACCC,14279,14283,1,4
8251,T,Alt,GTCCC,5,8250,8254,GACCC,14423,14427,1,4
8251,T,Alt,GTCCC,5,8250,8254,TTCCC,14487,14491,1,4
8251,T,Alt,GTCCC,5,8250,8254,CTCCC,14529,14533,1,4
8251,T,Alt,GTCCC,5,8250,8254,GACCC,14749,14753,1,4
8251,T,Alt,GTCCC,5,8250,8254,CTCCC,14807,14811,1,4
8251,T,Alt,GTCCC,5,8250,8254,GTCCT,15140,15144,1,4
8251,T,Alt,GTCCC,5,8250,8254,ATCCC,15203,15207,1,4
8251,T,Alt,GTCCC,5,8250,8254,CTCCC,15382,15386,1,4
8251,T,Alt,GTCCC,5,8250,8254,GACCC,15500,15504,1,4
8251,T,Alt,GTCCC,5,8250,8254,CTCCC,15540,15544,1,4
8251,T,Alt,GTCCC,5,8250,8254,GTCCT,15617,15621,1,4
8251,T,Alt,GTCCC,5,8250,8254,ATCCC,15656,15660,1,4
8251,T,Alt,GTCCC,5,8250,8254,CTCCC,15853,15857,1,4
8251,T,Alt,GTCCC,5,8250,8254,GTCCT,15888,15892,1,4
8251,T,Alt,GTCCC,5,8250,8254,CTCCC,16188,16192,1,4
8251,T,Alt,GTCCC,5,8250,8254,ATCCC,16351,16355,1,4
8251,T,Alt,GTCCC,5,8250,8254,GACCC,16373,16377,1,4
8251,T,Alt,GGTCC,5,8249,8253,GGTCA,877,881,1,4
8251,T,Alt,GGTCC,5,8249,8253,GGTGC,1178,1182,1,4
8251,T,Alt,GGTCC,5,8249,8253,GGTCG,1411,1415,1,4
8251,T,Alt,GGTCC,5,8249,8253,TGTCC,2021,2025,1,4
8251,T,Alt,GGTCC,5,8249,8253,AGTCC,2097,2101,1,4
8251,T,Alt,GGTCC,5,8249,8253,GGACC,2268,2272,1,4
8251,T,Alt,GGTCC,5,8249,8253,GCTCC,2636,2640,1,4
8251,T,Alt,GGTCC,5,8249,8253,GGTTC,2646,2650,1,4
8251,T,Alt,GGTCC,5,8249,8253,GATCC,2896,2900,1,4
8251,T,Alt,GGTCC,5,8249,8253,AGTCC,2958,2962,1,4
8251,T,Alt,GGTCC,5,8249,8253,GGTGC,3013,3017,1,4
8251,T,Alt,GGTCC,5,8249,8253,GGTCA,3591,3595,1,4
8251,T,Alt,GGTCC,5,8249,8253,GCTCC,3779,3783,1,4
8251,T,Alt,GGTCC,5,8249,8253,AGTCC,3917,3921,1,4
8251,T,Alt,GGTCC,5,8249,8253,GGGCC,5260,5264,1,4
8251,T,Alt,GGTCC,5,8249,8253,AGTCC,5863,5867,1,4
8251,T,Alt,GGTCC,5,8249,8253,AGTCC,5984,5988,1,4
8251,T,Alt,GGTCC,5,8249,8253,GGGCC,6026,6030,1,4
8251,T,Alt,GGTCC,5,8249,8253,GGGCC,6382,6386,1,4
8251,T,Alt,GGTCC,5,8249,8253,GATCC,6460,6464,1,4
8251,T,Alt,GGTCC,5,8249,8253,CGTCC,6464,6468,1,4
8251,T,Alt,GGTCC,5,8249,8253,AGTCC,6479,6483,1,4
8251,T,Alt,GGTCC,5,8249,8253,AGTCC,6503,6507,1,4
8251,T,Alt,GGTCC,5,8249,8253,GGTCT,6722,6726,1,4
8251,T,Alt,GGTCC,5,8249,8253,AGTCC,7804,7808,1,4
8251,T,Alt,GGTCC,5,8249,8253,GGTAC,7896,7900,1,4
8251,T,Alt,GGTCC,5,8249,8253,GGTCA,8165,8169,1,4
8251,T,Alt,GGTCC,5,8249,8253,CGTCC,8212,8216,1,4
8251,T,Alt,GGTCC,5,8249,8253,GCTCC,9329,9333,1,4
8251,T,Alt,GGTCC,5,8249,8253,TGTCC,9428,9432,1,4
8251,T,Alt,GGTCC,5,8249,8253,GGTCT,9985,9989,1,4
8251,T,Alt,GGTCC,5,8249,8253,GGGCC,10688,10692,1,4
8251,T,Alt,GGTCC,5,8249,8253,GGTCA,11439,11443,1,4
8251,T,Alt,GGTCC,5,8249,8253,GGTCT,12293,12297,1,4
8251,T,Alt,GGTCC,5,8249,8253,GGTGC,12315,12319,1,4
8251,T,Alt,GGTCC,5,8249,8253,GCTCC,13361,13365,1,4
8251,T,Alt,GGTCC,5,8249,8253,GATCC,14869,14873,1,4
8251,T,Alt,GGTCC,5,8249,8253,GGGCC,15171,15175,1,4
8251,T,Alt,GGTCC,5,8249,8253,GATCC,15591,15595,1,4
8251,T,Alt,GGTCC,5,8249,8253,CGTCC,15616,15620,1,4
8251,T,Alt,GGTCC,5,8249,8253,GGGCC,15882,15886,1,4
8251,T,Alt,GGTCC,5,8249,8253,TGTCC,15887,15891,1,4
8251,T,Alt,GGTCC,5,8249,8253,GCTCC,16450,16454,1,4
8251,T,Alt,GGTCC,5,8249,8253,GGTCA,16517,16521,1,4
8251,T,Alt,AGGTC,5,8248,8252,AGCTC,37,41,1,4
8251,T,Alt,AGGTC,5,8248,8252,ATGTC,249,253,1,4
8251,T,Alt,AGGTC,5,8248,8252,AGTTC,718,722,1,4
8251,T,Alt,AGGTC,5,8248,8252,AGCTC,776,780,1,4
8251,T,Alt,AGGTC,5,8248,8252,CGGTC,900,904,1,4
8251,T,Alt,AGGTC,5,8248,8252,AAGTC,918,922,1,4
8251,T,Alt,AGGTC,5,8248,8252,AGGTG,1332,1336,1,4
8251,T,Alt,AGGTC,5,8248,8252,AGGTG,1346,1350,1,4
8251,T,Alt,AGGTC,5,8248,8252,GGGTC,1410,1414,1,4
8251,T,Alt,AGGTC,5,8248,8252,AGGTG,1417,1421,1,4
8251,T,Alt,AGGTC,5,8248,8252,AGGAC,1514,1518,1,4
8251,T,Alt,AGGTC,5,8248,8252,AAGTC,1557,1561,1,4
8251,T,Alt,AGGTC,5,8248,8252,AGGAC,1829,1833,1,4
8251,T,Alt,AGGTC,5,8248,8252,AGCTC,2112,2116,1,4
8251,T,Alt,AGGTC,5,8248,8252,AGCTC,2208,2212,1,4
8251,T,Alt,AGGTC,5,8248,8252,AAGTC,2401,2405,1,4
8251,T,Alt,AGGTC,5,8248,8252,AGGTT,2452,2456,1,4
8251,T,Alt,AGGTC,5,8248,8252,AGGTA,2591,2595,1,4
8251,T,Alt,AGGTC,5,8248,8252,AGGAC,3000,3004,1,4
8251,T,Alt,AGGTC,5,8248,8252,AGTTC,3069,3073,1,4
8251,T,Alt,AGGTC,5,8248,8252,AGGAC,3130,3134,1,4
8251,T,Alt,AGGTC,5,8248,8252,TGGTC,3590,3594,1,4
8251,T,Alt,AGGTC,5,8248,8252,AAGTC,3734,3738,1,4
8251,T,Alt,AGGTC,5,8248,8252,AGCTC,4536,4540,1,4
8251,T,Alt,AGGTC,5,8248,8252,AGTTC,4595,4599,1,4
8251,T,Alt,AGGTC,5,8248,8252,AGGTT,4819,4823,1,4
8251,T,Alt,AGGTC,5,8248,8252,AGGTG,4970,4974,1,4
8251,T,Alt,AGGTC,5,8248,8252,AGTTC,5045,5049,1,4
8251,T,Alt,AGGTC,5,8248,8252,AGGCC,5225,5229,1,4
8251,T,Alt,AGGTC,5,8248,8252,AGGAC,5589,5593,1,4
8251,T,Alt,AGGTC,5,8248,8252,AGGTT,5771,5775,1,4
8251,T,Alt,AGGTC,5,8248,8252,AGGCC,5836,5840,1,4
8251,T,Alt,AGGTC,5,8248,8252,AGCTC,5996,6000,1,4
8251,T,Alt,AGGTC,5,8248,8252,AGGCC,6259,6263,1,4
8251,T,Alt,AGGTC,5,8248,8252,AGGTT,6275,6279,1,4
8251,T,Alt,AGGTC,5,8248,8252,AGGTG,6362,6366,1,4
8251,T,Alt,AGGTC,5,8248,8252,TGGTC,6721,6725,1,4
8251,T,Alt,AGGTC,5,8248,8252,AGGTA,7519,7523,1,4
8251,T,Alt,AGGTC,5,8248,8252,ACGTC,8058,8062,1,4
8251,T,Alt,AGGTC,5,8248,8252,ACGTC,8116,8120,1,4
8251,T,Alt,AGGTC,5,8248,8252,CGGTC,8164,8168,1,4
8251,T,Alt,AGGTC,5,8248,8252,AGGAC,8718,8722,1,4
8251,T,Alt,AGGTC,5,8248,8252,AGGCC,9024,9028,1,4
8251,T,Alt,AGGTC,5,8248,8252,AGGCC,9410,9414,1,4
8251,T,Alt,AGGTC,5,8248,8252,AGGCC,9437,9441,1,4
8251,T,Alt,AGGTC,5,8248,8252,AGGGC,9545,9549,1,4
8251,T,Alt,AGGTC,5,8248,8252,AGCTC,9644,9648,1,4
8251,T,Alt,AGGTC,5,8248,8252,ACGTC,9826,9830,1,4
8251,T,Alt,AGGTC,5,8248,8252,GGGTC,9984,9988,1,4
8251,T,Alt,AGGTC,5,8248,8252,ATGTC,11418,11422,1,4
8251,T,Alt,AGGTC,5,8248,8252,AGGAC,11797,11801,1,4
8251,T,Alt,AGGTC,5,8248,8252,AGGAC,11947,11951,1,4
8251,T,Alt,AGGTC,5,8248,8252,AGCTC,12212,12216,1,4
8251,T,Alt,AGGTC,5,8248,8252,ATGTC,12242,12246,1,4
8251,T,Alt,AGGTC,5,8248,8252,AGCTC,12560,12564,1,4
8251,T,Alt,AGGTC,5,8248,8252,AGTTC,12683,12687,1,4
8251,T,Alt,AGGTC,5,8248,8252,AGGGC,12770,12774,1,4
8251,T,Alt,AGGTC,5,8248,8252,AAGTC,13257,13261,1,4
8251,T,Alt,AGGTC,5,8248,8252,AGGAC,13416,13420,1,4
8251,T,Alt,AGGTC,5,8248,8252,AGGTT,13497,13501,1,4
8251,T,Alt,AGGTC,5,8248,8252,AGGAC,14887,14891,1,4
8251,T,Alt,AGGTC,5,8248,8252,AGGCC,15046,15050,1,4
8251,T,Alt,AGGTC,5,8248,8252,AGGCC,15151,15155,1,4
8251,T,Alt,AGGTC,5,8248,8252,AGGAC,15763,15767,1,4
8251,T,Alt,AGGTC,5,8248,8252,AGGAC,15948,15952,1,4
8251,T,Alt,AGGTC,5,8248,8252,AAGTC,15965,15969,1,4
8251,T,Alt,AGGTC,5,8248,8252,GGGTC,16516,16520,1,4
8251,T,Alt,TAGGT,5,8247,8251,TTGGT,51,55,1,4
8251,T,Alt,TAGGT,5,8247,8251,TACGT,168,172,1,4
8251,T,Alt,TAGGT,5,8247,8251,TATGT,580,584,1,4
8251,T,Alt,TAGGT,5,8247,8251,TAGCT,584,588,1,4
8251,T,Alt,TAGGT,5,8247,8251,TAGAT,1077,1081,1,4
8251,T,Alt,TAGGT,5,8247,8251,AAGGT,1331,1335,1,4
8251,T,Alt,TAGGT,5,8247,8251,GAGGT,1345,1349,1,4
8251,T,Alt,TAGGT,5,8247,8251,AAGGT,1416,1420,1,4
8251,T,Alt,TAGGT,5,8247,8251,TAGTT,1452,1456,1,4
8251,T,Alt,TAGGT,5,8247,8251,TAAGT,1571,1575,1,4
8251,T,Alt,TAGGT,5,8247,8251,TAGCT,1609,1613,1,4
8251,T,Alt,TAGGT,5,8247,8251,TAGGA,1639,1643,1,4
8251,T,Alt,TAGGT,5,8247,8251,TATGT,1952,1956,1,4
8251,T,Alt,TAGGT,5,8247,8251,TAGGA,2126,2130,1,4
8251,T,Alt,TAGGT,5,8247,8251,TCGGT,2808,2812,1,4
8251,T,Alt,TAGGT,5,8247,8251,TAGGG,2930,2934,1,4
8251,T,Alt,TAGGT,5,8247,8251,TACGT,3058,3062,1,4
8251,T,Alt,TAGGT,5,8247,8251,TCGGT,3092,3096,1,4
8251,T,Alt,TAGGT,5,8247,8251,TAGGC,3389,3393,1,4
8251,T,Alt,TAGGT,5,8247,8251,TAGGA,4034,4038,1,4
8251,T,Alt,TAGGT,5,8247,8251,TTGGT,4447,4451,1,4
8251,T,Alt,TAGGT,5,8247,8251,TAGCT,4582,4586,1,4
8251,T,Alt,TAGGT,5,8247,8251,TAGGA,4786,4790,1,4
8251,T,Alt,TAGGT,5,8247,8251,GAGGT,4969,4973,1,4
8251,T,Alt,TAGGT,5,8247,8251,TAGGA,5221,5225,1,4
8251,T,Alt,TAGGT,5,8247,8251,TAAGT,5557,5561,1,4
8251,T,Alt,TAGGT,5,8247,8251,TAGTT,5689,5693,1,4
8251,T,Alt,TAGGT,5,8247,8251,CAGGT,5770,5774,1,4
8251,T,Alt,TAGGT,5,8247,8251,TAGAT,5854,5858,1,4
8251,T,Alt,TAGGT,5,8247,8251,TAGGC,5989,5993,1,4
8251,T,Alt,TAGGT,5,8247,8251,CAGGT,6361,6365,1,4
8251,T,Alt,TAGGT,5,8247,8251,TAGGG,6379,6383,1,4
8251,T,Alt,TAGGT,5,8247,8251,TAGCT,6508,6512,1,4
8251,T,Alt,TAGGT,5,8247,8251,TAGGG,6751,6755,1,4
8251,T,Alt,TAGGT,5,8247,8251,TAGGA,6787,6791,1,4
8251,T,Alt,TAGGT,5,8247,8251,TAGCT,6866,6870,1,4
8251,T,Alt,TAGGT,5,8247,8251,TAGGA,6928,6932,1,4
8251,T,Alt,TAGGT,5,8247,8251,TACGT,7017,7021,1,4
8251,T,Alt,TAGGT,5,8247,8251,TAGGC,7270,7274,1,4
8251,T,Alt,TAGGT,5,8247,8251,TAGGC,8088,8092,1,4
8251,T,Alt,TAGGT,5,8247,8251,TAAGT,8325,8329,1,4
8251,T,Alt,TAGGT,5,8247,8251,TAGTT,8948,8952,1,4
8251,T,Alt,TAGGT,5,8247,8251,TACGT,9160,9164,1,4
8251,T,Alt,TAGGT,5,8247,8251,TAGGA,9541,9545,1,4
8251,T,Alt,TAGGT,5,8247,8251,TAGAT,9940,9944,1,4
8251,T,Alt,TAGGT,5,8247,8251,TAGTT,10031,10035,1,4
8251,T,Alt,TAGGT,5,8247,8251,TAGCT,10231,10235,1,4
8251,T,Alt,TAGGT,5,8247,8251,TAGGA,10519,10523,1,4
8251,T,Alt,TAGGT,5,8247,8251,TACGT,10734,10738,1,4
8251,T,Alt,TAGGT,5,8247,8251,TAGCT,10909,10913,1,4
8251,T,Alt,TAGGT,5,8247,8251,TAGGC,11223,11227,1,4
8251,T,Alt,TAGGT,5,8247,8251,TAGGC,11271,11275,1,4
8251,T,Alt,TAGGT,5,8247,8251,TAGCT,11349,11353,1,4
8251,T,Alt,TAGGT,5,8247,8251,TAGGC,11472,11476,1,4
8251,T,Alt,TAGGT,5,8247,8251,TTGGT,12313,12317,1,4
8251,T,Alt,TAGGT,5,8247,8251,TATGT,12439,12443,1,4
8251,T,Alt,TAGGT,5,8247,8251,TAGTT,12728,12732,1,4
8251,T,Alt,TAGGT,5,8247,8251,TAGGA,12776,12780,1,4
8251,T,Alt,TAGGT,5,8247,8251,TAGGC,13175,13179,1,4
8251,T,Alt,TAGGT,5,8247,8251,TATGT,13356,13360,1,4
8251,T,Alt,TAGGT,5,8247,8251,TAGGA,15372,15376,1,4
8251,T,Alt,TAGGT,5,8247,8251,TAGGC,15495,15499,1,4
8251,T,Alt,TAGGT,5,8247,8251,TAGGA,15609,15613,1,4
8251,T,Alt,TAGGT,5,8247,8251,TGGGT,16046,16050,1,4
8251,T,Alt,TAGGT,5,8247,8251,TATGT,16086,16090,1,4
8251,T,Alt,TAGGT,5,8247,8251,TAGGA,16271,16275,1,4
8251,T,Alt,TAGGT,5,8247,8251,TAGCT,16475,16479,1,4
